preset,x,y,z
pzm,155,48,-49
pzm,155,48,-42
pzm,155,48,-35
pzm,155,48,-40
pzm,155,48,-47
pzm,155,48,-37
pzm,155,48,-38
pzm,155,48,-45
pzm,155,48,-44
pzm,155,48,-41
pzm,155,48,-34
pzm,155,48,-48
pzm,155,48,-39
pzm,155,48,-33
pzm,155,48,-43
pzm,155,48,-36
pzm,155,48,-46
pzm,155,48,-21
pzm,155,48,-26
pzm,155,48,-19
pzm,155,48,-24
pzm,155,48,-31
pzm,155,48,-18
pzm,155,48,-25
pzm,155,48,-28
pzm,155,48,-27
pzm,155,48,-20
pzm,155,48,-22
pzm,155,48,-29
pzm,155,48,-32
pzm,155,48,-30
pzm,155,48,-17
pzm,155,48,-23
pzm,155,48,-13
pzm,155,48,-12
pzm,155,48,-11
pzm,155,48,-14
pzm,155,48,-9
pzm,155,48,-16
pzm,155,48,-15
pzm,155,48,-10
pzm,154,50,-49
pzm,154,50,-50
pzm,154,50,-33
pzm,154,50,-40
pzm,154,50,-47
pzm,154,50,-35
pzm,154,50,-42
pzm,154,50,-45
pzm,154,50,-43
pzm,154,50,-39
pzm,154,50,-46
pzm,154,50,-36
pzm,154,50,-48
pzm,154,50,-34
pzm,154,50,-37
pzm,154,50,-44
pzm,154,50,-38
pzm,154,50,-41
pzm,154,50,-19
pzm,154,50,-26
pzm,154,50,-17
pzm,154,50,-24
pzm,154,50,-30
pzm,154,50,-29
pzm,154,50,-23
pzm,154,50,-20
pzm,154,50,-25
pzm,154,50,-27
pzm,154,50,-32
pzm,154,50,-22
pzm,154,50,-21
pzm,154,50,-28
pzm,154,50,-31
pzm,154,50,-18
pzm,154,50,-12
pzm,154,50,-11
pzm,154,50,-9
pzm,154,50,-14
pzm,154,50,-15
pzm,154,50,-16
pzm,154,50,-10
pzm,154,50,-13
pzm,154,52,-50
pzm,154,52,-49
pzm,154,52,-40
pzm,154,52,-33
pzm,154,52,-38
pzm,154,52,-35
pzm,154,52,-44
pzm,154,52,-37
pzm,154,52,-34
pzm,154,52,-47
pzm,154,52,-41
pzm,154,52,-46
pzm,154,52,-48
pzm,154,52,-43
pzm,154,52,-36
pzm,154,52,-45
pzm,154,52,-42
pzm,154,52,-39
pzm,154,52,-26
pzm,154,52,-19
pzm,154,52,-17
pzm,154,52,-28
pzm,154,52,-31
pzm,154,52,-24
pzm,154,52,-21
pzm,154,52,-32
pzm,154,52,-18
pzm,154,52,-27
pzm,154,52,-20
pzm,154,52,-30
pzm,154,52,-25
pzm,154,52,-29
pzm,154,52,-22
pzm,154,52,-23
pzm,154,52,-11
pzm,154,52,-10
pzm,154,52,-12
pzm,154,52,-15
pzm,154,52,-14
pzm,154,52,-9
pzm,154,52,-13
pzm,154,52,-16
pzm,155,54,-50
pzm,155,54,-49
pzm,155,54,-40
pzm,155,54,-45
pzm,155,54,-42
pzm,155,54,-47
pzm,155,54,-44
pzm,155,54,-35
pzm,155,54,-48
pzm,155,54,-41
pzm,155,54,-38
pzm,155,54,-39
pzm,155,54,-34
pzm,155,54,-37
pzm,155,54,-43
pzm,155,54,-36
pzm,155,54,-33
pzm,155,54,-46
pzm,155,54,-17
pzm,155,54,-26
pzm,155,54,-31
pzm,155,54,-19
pzm,155,54,-24
pzm,155,54,-29
pzm,155,54,-28
pzm,155,54,-21
pzm,155,54,-22
pzm,155,54,-25
pzm,155,54,-18
pzm,155,54,-32
pzm,155,54,-27
pzm,155,54,-30
pzm,155,54,-23
pzm,155,54,-20
pzm,155,54,-10
pzm,155,54,-16
pzm,155,54,-9
pzm,155,54,-11
pzm,155,54,-14
pzm,155,54,-13
pzm,155,54,-12
pzm,155,54,-15
pzm,157,55,-39
pzm,157,55,-37
pzm,157,55,-35
pzm,157,55,-34
pzm,157,55,-41
pzm,157,55,-44
pzm,157,55,-33
pzm,157,55,-38
pzm,157,55,-40
pzm,157,55,-45
pzm,157,55,-42
pzm,157,55,-43
pzm,157,55,-36
pzm,157,55,-32
pzm,157,55,-25
pzm,157,55,-30
pzm,157,55,-27
pzm,157,55,-21
pzm,157,55,-28
pzm,157,55,-31
pzm,157,55,-18
pzm,157,55,-17
pzm,157,55,-24
pzm,157,55,-19
pzm,157,55,-22
pzm,157,55,-20
pzm,157,55,-29
pzm,157,55,-23
pzm,157,55,-26
pzm,157,55,-11
pzm,157,55,-16
pzm,157,55,-12
pzm,157,55,-9
pzm,157,55,-14
pzm,157,55,-15
pzm,157,55,-13
pzm,157,55,-10
pzm,163,55,-51
pzm,163,55,-49
pzm,163,55,-50
pzm,163,55,-48
pzm,163,55,-34
pzm,163,55,-39
pzm,163,55,-46
pzm,163,55,-36
pzm,163,55,-41
pzm,163,55,-38
pzm,163,55,-35
pzm,163,55,-42
pzm,163,55,-45
pzm,163,55,-33
pzm,163,55,-40
pzm,163,55,-47
pzm,163,55,-44
pzm,163,55,-37
pzm,163,55,-43
pzm,163,55,-20
pzm,163,55,-25
pzm,163,55,-18
pzm,163,55,-23
pzm,163,55,-22
pzm,163,55,-29
pzm,163,55,-32
pzm,163,55,-19
pzm,163,55,-26
pzm,163,55,-28
pzm,163,55,-21
pzm,163,55,-31
pzm,163,55,-30
pzm,163,55,-17
pzm,163,55,-24
pzm,163,55,-27
pzm,163,55,-11
pzm,163,55,-12
pzm,163,55,-10
pzm,163,55,-13
pzm,163,55,-15
pzm,163,55,-16
pzm,163,55,-9
pzm,163,55,-14
pzm,165,54,-49
pzm,165,54,-51
pzm,165,54,-50
pzm,165,54,-52
pzm,165,54,-35
pzm,165,54,-40
pzm,165,54,-33
pzm,165,54,-38
pzm,165,54,-44
pzm,165,54,-37
pzm,165,54,-47
pzm,165,54,-34
pzm,165,54,-41
pzm,165,54,-48
pzm,165,54,-36
pzm,165,54,-43
pzm,165,54,-46
pzm,165,54,-45
pzm,165,54,-39
pzm,165,54,-42
pzm,165,54,-26
pzm,165,54,-28
pzm,165,54,-30
pzm,165,54,-17
pzm,165,54,-31
pzm,165,54,-21
pzm,165,54,-24
pzm,165,54,-27
pzm,165,54,-18
pzm,165,54,-25
pzm,165,54,-20
pzm,165,54,-23
pzm,165,54,-22
pzm,165,54,-32
pzm,165,54,-19
pzm,165,54,-29
pzm,165,54,-12
pzm,165,54,-13
pzm,165,54,-10
pzm,165,54,-15
pzm,165,54,-9
pzm,165,54,-16
pzm,165,54,-14
pzm,165,54,-11
pzm,166,52,-49
pzm,166,52,-51
pzm,166,52,-56
pzm,166,52,-55
pzm,166,52,-52
pzm,166,52,-50
pzm,166,52,-53
pzm,166,52,-54
pzm,166,52,-35
pzm,166,52,-42
pzm,166,52,-33
pzm,166,52,-39
pzm,166,52,-46
pzm,166,52,-45
pzm,166,52,-36
pzm,166,52,-41
pzm,166,52,-48
pzm,166,52,-38
pzm,166,52,-43
pzm,166,52,-40
pzm,166,52,-37
pzm,166,52,-44
pzm,166,52,-47
pzm,166,52,-34
pzm,166,52,-21
pzm,166,52,-28
pzm,166,52,-30
pzm,166,52,-32
pzm,166,52,-23
pzm,166,52,-19
pzm,166,52,-26
pzm,166,52,-29
pzm,166,52,-22
pzm,166,52,-27
pzm,166,52,-20
pzm,166,52,-25
pzm,166,52,-17
pzm,166,52,-24
pzm,166,52,-31
pzm,166,52,-18
pzm,166,52,-13
pzm,166,52,-14
pzm,166,52,-12
pzm,166,52,-15
pzm,166,52,-10
pzm,166,52,-9
pzm,166,52,-11
pzm,166,52,-16
pzm,166,50,-51
pzm,166,50,-54
pzm,166,50,-52
pzm,166,50,-50
pzm,166,50,-55
pzm,166,50,-53
pzm,166,50,-49
pzm,166,50,-56
pzm,166,50,-35
pzm,166,50,-44
pzm,166,50,-42
pzm,166,50,-37
pzm,166,50,-47
pzm,166,50,-48
pzm,166,50,-38
pzm,166,50,-41
pzm,166,50,-43
pzm,166,50,-36
pzm,166,50,-34
pzm,166,50,-45
pzm,166,50,-40
pzm,166,50,-33
pzm,166,50,-39
pzm,166,50,-46
pzm,166,50,-21
pzm,166,50,-30
pzm,166,50,-32
pzm,166,50,-19
pzm,166,50,-25
pzm,166,50,-18
pzm,166,50,-31
pzm,166,50,-28
pzm,166,50,-22
pzm,166,50,-29
pzm,166,50,-24
pzm,166,50,-27
pzm,166,50,-26
pzm,166,50,-17
pzm,166,50,-20
pzm,166,50,-23
pzm,166,50,-15
pzm,166,50,-16
pzm,166,50,-9
pzm,166,50,-14
pzm,166,50,-11
pzm,166,50,-12
pzm,166,50,-13
pzm,166,50,-10
pzm,165,48,-53
pzm,165,48,-56
pzm,165,48,-51
pzm,165,48,-54
pzm,165,48,-50
pzm,165,48,-52
pzm,165,48,-55
pzm,165,48,-49
pzm,165,48,-44
pzm,165,48,-37
pzm,165,48,-46
pzm,165,48,-35
pzm,165,48,-41
pzm,165,48,-34
pzm,165,48,-40
pzm,165,48,-47
pzm,165,48,-36
pzm,165,48,-45
pzm,165,48,-43
pzm,165,48,-38
pzm,165,48,-33
pzm,165,48,-48
pzm,165,48,-39
pzm,165,48,-42
pzm,165,48,-30
pzm,165,48,-23
pzm,165,48,-28
pzm,165,48,-25
pzm,165,48,-18
pzm,165,48,-27
pzm,165,48,-21
pzm,165,48,-24
pzm,165,48,-22
pzm,165,48,-31
pzm,165,48,-17
pzm,165,48,-20
pzm,165,48,-26
pzm,165,48,-19
pzm,165,48,-32
pzm,165,48,-29
pzm,165,48,-16
pzm,165,48,-9
pzm,165,48,-10
pzm,165,48,-15
pzm,165,48,-12
pzm,165,48,-13
pzm,165,48,-14
pzm,165,48,-11
pzm,165,48,13
pzm,165,48,14
pzm,165,48,11
pzm,165,48,10
pzm,165,48,9
pzm,165,48,15
pzm,165,48,12
pzm,165,48,28
pzm,165,48,19
pzm,165,48,26
pzm,165,48,16
pzm,165,48,21
pzm,165,48,31
pzm,165,48,18
pzm,165,48,22
pzm,165,48,25
pzm,165,48,27
pzm,165,48,29
pzm,165,48,17
pzm,165,48,24
pzm,165,48,23
pzm,165,48,20
pzm,165,48,30
pzm,165,48,35
pzm,165,48,42
pzm,165,48,37
pzm,165,48,44
pzm,165,48,47
pzm,165,48,45
pzm,165,48,32
pzm,165,48,38
pzm,165,48,36
pzm,165,48,41
pzm,165,48,34
pzm,165,48,39
pzm,165,48,46
pzm,165,48,33
pzm,165,48,40
pzm,165,48,43
pzm,165,48,49
pzm,165,48,63
pzm,165,48,54
pzm,165,48,51
pzm,165,48,58
pzm,165,48,61
pzm,165,48,48
pzm,165,48,50
pzm,165,48,55
pzm,165,48,62
pzm,165,48,52
pzm,165,48,57
pzm,165,48,53
pzm,165,48,60
pzm,165,48,59
pzm,165,48,56
pzm,165,48,72
pzm,165,48,77
pzm,165,48,65
pzm,165,48,70
pzm,165,48,67
pzm,165,48,68
pzm,165,48,74
pzm,165,48,64
pzm,165,48,71
pzm,165,48,78
pzm,165,48,73
pzm,165,48,75
pzm,165,48,69
pzm,165,48,76
pzm,165,48,66
pzm,165,48,79
pzm,165,48,85
pzm,165,48,86
pzm,165,48,80
pzm,165,48,83
pzm,165,48,88
pzm,165,48,82
pzm,165,48,81
pzm,165,48,84
pzm,165,48,87
pzm,154,50,10
pzm,154,50,11
pzm,154,50,12
pzm,154,50,9
pzm,154,50,14
pzm,154,50,15
pzm,154,50,13
pzm,154,50,16
pzm,154,50,25
pzm,154,50,30
pzm,154,50,27
pzm,154,50,29
pzm,154,50,20
pzm,154,50,26
pzm,154,50,23
pzm,154,50,17
pzm,154,50,24
pzm,154,50,19
pzm,154,50,22
pzm,154,50,28
pzm,154,50,21
pzm,154,50,18
pzm,154,50,31
pzm,154,50,32
pzm,154,50,46
pzm,154,50,37
pzm,154,50,35
pzm,154,50,42
pzm,154,50,36
pzm,154,50,39
pzm,154,50,38
pzm,154,50,45
pzm,154,50,33
pzm,154,50,40
pzm,154,50,43
pzm,154,50,34
pzm,154,50,41
pzm,154,50,47
pzm,154,50,44
pzm,154,50,60
pzm,154,50,51
pzm,154,50,58
pzm,154,50,48
pzm,154,50,53
pzm,154,50,49
pzm,154,50,56
pzm,154,50,55
pzm,154,50,62
pzm,154,50,52
pzm,154,50,59
pzm,154,50,61
pzm,154,50,63
pzm,154,50,50
pzm,154,50,54
pzm,154,50,57
pzm,154,50,67
pzm,154,50,74
pzm,154,50,69
pzm,154,50,76
pzm,154,50,79
pzm,154,50,78
pzm,154,50,65
pzm,154,50,72
pzm,154,50,75
pzm,154,50,68
pzm,154,50,73
pzm,154,50,66
pzm,154,50,71
pzm,154,50,70
pzm,154,50,77
pzm,154,50,64
pzm,154,50,81
pzm,154,50,82
pzm,154,50,87
pzm,154,50,84
pzm,154,50,85
pzm,154,50,86
pzm,154,50,83
pzm,154,50,88
pzm,154,50,80
pzm,166,50,14
pzm,166,50,15
pzm,166,50,9
pzm,166,50,12
pzm,166,50,11
pzm,166,50,10
pzm,166,50,13
pzm,166,50,28
pzm,166,50,30
pzm,166,50,25
pzm,166,50,18
pzm,166,50,24
pzm,166,50,31
pzm,166,50,21
pzm,166,50,29
pzm,166,50,20
pzm,166,50,27
pzm,166,50,22
pzm,166,50,17
pzm,166,50,19
pzm,166,50,16
pzm,166,50,23
pzm,166,50,26
pzm,166,50,42
pzm,166,50,37
pzm,166,50,40
pzm,166,50,35
pzm,166,50,47
pzm,166,50,34
pzm,166,50,41
pzm,166,50,44
pzm,166,50,43
pzm,166,50,36
pzm,166,50,38
pzm,166,50,45
pzm,166,50,32
pzm,166,50,33
pzm,166,50,46
pzm,166,50,39
pzm,166,50,51
pzm,166,50,56
pzm,166,50,63
pzm,166,50,53
pzm,166,50,58
pzm,166,50,61
pzm,166,50,54
pzm,166,50,60
pzm,166,50,57
pzm,166,50,50
pzm,166,50,48
pzm,166,50,55
pzm,166,50,52
pzm,166,50,59
pzm,166,50,62
pzm,166,50,49
pzm,166,50,79
pzm,166,50,65
pzm,166,50,72
pzm,166,50,74
pzm,166,50,76
pzm,166,50,70
pzm,166,50,77
pzm,166,50,67
pzm,166,50,78
pzm,166,50,64
pzm,166,50,73
pzm,166,50,71
pzm,166,50,66
pzm,166,50,68
pzm,166,50,69
pzm,166,50,75
pzm,166,50,86
pzm,166,50,87
pzm,166,50,81
pzm,166,50,84
pzm,166,50,83
pzm,166,50,82
pzm,166,50,88
pzm,166,50,85
pzm,166,50,80
pzm,154,52,10
pzm,154,52,9
pzm,154,52,11
pzm,154,52,14
pzm,154,52,13
pzm,154,52,12
pzm,154,52,15
pzm,154,52,25
pzm,154,52,18
pzm,154,52,16
pzm,154,52,28
pzm,154,52,21
pzm,154,52,22
pzm,154,52,17
pzm,154,52,31
pzm,154,52,26
pzm,154,52,19
pzm,154,52,24
pzm,154,52,29
pzm,154,52,27
pzm,154,52,23
pzm,154,52,30
pzm,154,52,20
pzm,154,52,32
pzm,154,52,46
pzm,154,52,39
pzm,154,52,34
pzm,154,52,37
pzm,154,52,44
pzm,154,52,35
pzm,154,52,41
pzm,154,52,38
pzm,154,52,40
pzm,154,52,45
pzm,154,52,42
pzm,154,52,47
pzm,154,52,43
pzm,154,52,36
pzm,154,52,33
pzm,154,52,53
pzm,154,52,62
pzm,154,52,55
pzm,154,52,60
pzm,154,52,57
pzm,154,52,58
pzm,154,52,48
pzm,154,52,51
pzm,154,52,61
pzm,154,52,54
pzm,154,52,52
pzm,154,52,50
pzm,154,52,49
pzm,154,52,63
pzm,154,52,59
pzm,154,52,56
pzm,154,52,76
pzm,154,52,67
pzm,154,52,78
pzm,154,52,65
pzm,154,52,64
pzm,154,52,71
pzm,154,52,77
pzm,154,52,74
pzm,154,52,68
pzm,154,52,75
pzm,154,52,70
pzm,154,52,73
pzm,154,52,79
pzm,154,52,72
pzm,154,52,66
pzm,154,52,69
pzm,154,52,82
pzm,154,52,81
pzm,154,52,88
pzm,154,52,83
pzm,154,52,86
pzm,154,52,80
pzm,154,52,85
pzm,154,52,84
pzm,154,52,87
pzm,166,52,15
pzm,166,52,9
pzm,166,52,14
pzm,166,52,11
pzm,166,52,12
pzm,166,52,13
pzm,166,52,10
pzm,166,52,30
pzm,166,52,23
pzm,166,52,21
pzm,166,52,16
pzm,166,52,26
pzm,166,52,27
pzm,166,52,17
pzm,166,52,20
pzm,166,52,22
pzm,166,52,31
pzm,166,52,24
pzm,166,52,29
pzm,166,52,19
pzm,166,52,18
pzm,166,52,28
pzm,166,52,25
pzm,166,52,44
pzm,166,52,37
pzm,166,52,42
pzm,166,52,39
pzm,166,52,32
pzm,166,52,33
pzm,166,52,40
pzm,166,52,46
pzm,166,52,43
pzm,166,52,45
pzm,166,52,36
pzm,166,52,34
pzm,166,52,47
pzm,166,52,41
pzm,166,52,35
pzm,166,52,38
pzm,166,52,51
pzm,166,52,58
pzm,166,52,60
pzm,166,52,62
pzm,166,52,63
pzm,166,52,49
pzm,166,52,53
pzm,166,52,56
pzm,166,52,59
pzm,166,52,57
pzm,166,52,50
pzm,166,52,52
pzm,166,52,55
pzm,166,52,48
pzm,166,52,54
pzm,166,52,61
pzm,166,52,72
pzm,166,52,67
pzm,166,52,70
pzm,166,52,65
pzm,166,52,69
pzm,166,52,76
pzm,166,52,79
pzm,166,52,73
pzm,166,52,66
pzm,166,52,75
pzm,166,52,68
pzm,166,52,78
pzm,166,52,77
pzm,166,52,71
pzm,166,52,64
pzm,166,52,74
pzm,166,52,80
pzm,166,52,81
pzm,166,52,86
pzm,166,52,88
pzm,166,52,83
pzm,166,52,84
pzm,166,52,85
pzm,166,52,82
pzm,166,52,87
pzm,155,48,9
pzm,155,48,15
pzm,155,48,10
pzm,155,48,14
pzm,155,48,12
pzm,155,48,11
pzm,155,48,13
pzm,155,48,23
pzm,155,48,16
pzm,155,48,25
pzm,155,48,30
pzm,155,48,27
pzm,155,48,28
pzm,155,48,18
pzm,155,48,31
pzm,155,48,21
pzm,155,48,24
pzm,155,48,22
pzm,155,48,17
pzm,155,48,20
pzm,155,48,19
pzm,155,48,29
pzm,155,48,26
pzm,155,48,37
pzm,155,48,46
pzm,155,48,32
pzm,155,48,35
pzm,155,48,41
pzm,155,48,34
pzm,155,48,47
pzm,155,48,44
pzm,155,48,45
pzm,155,48,38
pzm,155,48,43
pzm,155,48,40
pzm,155,48,42
pzm,155,48,33
pzm,155,48,36
pzm,155,48,39
pzm,155,48,60
pzm,155,48,51
pzm,155,48,58
pzm,155,48,53
pzm,155,48,48
pzm,155,48,63
pzm,155,48,54
pzm,155,48,57
pzm,155,48,59
pzm,155,48,52
pzm,155,48,50
pzm,155,48,61
pzm,155,48,56
pzm,155,48,55
pzm,155,48,49
pzm,155,48,62
pzm,155,48,74
pzm,155,48,79
pzm,155,48,76
pzm,155,48,77
pzm,155,48,70
pzm,155,48,64
pzm,155,48,67
pzm,155,48,73
pzm,155,48,68
pzm,155,48,71
pzm,155,48,66
pzm,155,48,69
pzm,155,48,78
pzm,155,48,72
pzm,155,48,65
pzm,155,48,75
pzm,155,48,88
pzm,155,48,81
pzm,155,48,87
pzm,155,48,82
pzm,155,48,86
pzm,155,48,84
pzm,155,48,85
pzm,155,48,83
pzm,155,48,80
pzm,155,54,11
pzm,155,54,10
pzm,155,54,9
pzm,155,54,12
pzm,155,54,15
pzm,155,54,14
pzm,155,54,13
pzm,155,54,18
pzm,155,54,27
pzm,155,54,20
pzm,155,54,30
pzm,155,54,25
pzm,155,54,28
pzm,155,54,31
pzm,155,54,24
pzm,155,54,21
pzm,155,54,26
pzm,155,54,19
pzm,155,54,17
pzm,155,54,22
pzm,155,54,29
pzm,155,54,23
pzm,155,54,16
pzm,155,54,46
pzm,155,54,32
pzm,155,54,41
pzm,155,54,43
pzm,155,54,44
pzm,155,54,37
pzm,155,54,34
pzm,155,54,40
pzm,155,54,47
pzm,155,54,33
pzm,155,54,38
pzm,155,54,35
pzm,155,54,36
pzm,155,54,45
pzm,155,54,42
pzm,155,54,39
pzm,155,54,62
pzm,155,54,55
pzm,155,54,53
pzm,155,54,48
pzm,155,54,51
pzm,155,54,50
pzm,155,54,60
pzm,155,54,57
pzm,155,54,54
pzm,155,54,63
pzm,155,54,56
pzm,155,54,61
pzm,155,54,58
pzm,155,54,59
pzm,155,54,49
pzm,155,54,52
pzm,155,54,76
pzm,155,54,69
pzm,155,54,74
pzm,155,54,71
pzm,155,54,73
pzm,155,54,64
pzm,155,54,67
pzm,155,54,70
pzm,155,54,68
pzm,155,54,77
pzm,155,54,66
pzm,155,54,79
pzm,155,54,65
pzm,155,54,72
pzm,155,54,78
pzm,155,54,75
pzm,155,54,83
pzm,155,54,82
pzm,155,54,84
pzm,155,54,80
pzm,155,54,87
pzm,155,54,86
pzm,155,54,81
pzm,155,54,85
pzm,155,54,88
pzm,165,54,9
pzm,165,54,10
pzm,165,54,11
pzm,165,54,13
pzm,165,54,14
pzm,165,54,15
pzm,165,54,12
pzm,165,54,23
pzm,165,54,18
pzm,165,54,21
pzm,165,54,16
pzm,165,54,28
pzm,165,54,19
pzm,165,54,22
pzm,165,54,25
pzm,165,54,31
pzm,165,54,24
pzm,165,54,17
pzm,165,54,29
pzm,165,54,26
pzm,165,54,27
pzm,165,54,20
pzm,165,54,30
pzm,165,54,37
pzm,165,54,46
pzm,165,54,32
pzm,165,54,44
pzm,165,54,39
pzm,165,54,34
pzm,165,54,42
pzm,165,54,35
pzm,165,54,41
pzm,165,54,45
pzm,165,54,38
pzm,165,54,36
pzm,165,54,47
pzm,165,54,40
pzm,165,54,33
pzm,165,54,43
pzm,165,54,53
pzm,165,54,58
pzm,165,54,60
pzm,165,54,55
pzm,165,54,54
pzm,165,54,61
pzm,165,54,51
pzm,165,54,48
pzm,165,54,59
pzm,165,54,57
pzm,165,54,52
pzm,165,54,49
pzm,165,54,62
pzm,165,54,50
pzm,165,54,63
pzm,165,54,56
pzm,165,54,67
pzm,165,54,72
pzm,165,54,65
pzm,165,54,70
pzm,165,54,77
pzm,165,54,71
pzm,165,54,64
pzm,165,54,74
pzm,165,54,66
pzm,165,54,73
pzm,165,54,68
pzm,165,54,75
pzm,165,54,78
pzm,165,54,76
pzm,165,54,79
pzm,165,54,69
pzm,165,54,81
pzm,165,54,88
pzm,165,54,80
pzm,165,54,86
pzm,165,54,83
pzm,165,54,84
pzm,165,54,85
pzm,165,54,82
pzm,165,54,87
pzm,163,55,10
pzm,163,55,11
pzm,163,55,13
pzm,163,55,14
pzm,163,55,15
pzm,163,55,12
pzm,163,55,9
pzm,163,55,17
pzm,163,55,24
pzm,163,55,26
pzm,163,55,31
pzm,163,55,21
pzm,163,55,20
pzm,163,55,30
pzm,163,55,27
pzm,163,55,16
pzm,163,55,25
pzm,163,55,23
pzm,163,55,18
pzm,163,55,28
pzm,163,55,29
pzm,163,55,19
pzm,163,55,22
pzm,163,55,38
pzm,163,55,47
pzm,163,55,33
pzm,163,55,36
pzm,163,55,34
pzm,163,55,43
pzm,163,55,37
pzm,163,55,40
pzm,163,55,46
pzm,163,55,39
pzm,163,55,32
pzm,163,55,44
pzm,163,55,41
pzm,163,55,35
pzm,163,55,42
pzm,163,55,45
pzm,163,55,61
pzm,163,55,52
pzm,163,55,59
pzm,163,55,54
pzm,163,55,49
pzm,163,55,57
pzm,163,55,50
pzm,163,55,56
pzm,163,55,63
pzm,163,55,53
pzm,163,55,60
pzm,163,55,62
pzm,163,55,51
pzm,163,55,55
pzm,163,55,48
pzm,163,55,58
pzm,163,55,75
pzm,163,55,68
pzm,163,55,70
pzm,163,55,73
pzm,163,55,66
pzm,163,55,76
pzm,163,55,74
pzm,163,55,69
pzm,163,55,72
pzm,163,55,67
pzm,163,55,71
pzm,163,55,64
pzm,163,55,65
pzm,157,55,11
pzm,157,55,10
pzm,157,55,9
pzm,157,55,12
pzm,157,55,14
pzm,157,55,15
pzm,157,55,13
pzm,157,55,19
pzm,157,55,24
pzm,157,55,17
pzm,157,55,22
pzm,157,55,28
pzm,157,55,21
pzm,157,55,31
pzm,157,55,18
pzm,157,55,25
pzm,157,55,20
pzm,157,55,27
pzm,157,55,30
pzm,157,55,29
pzm,157,55,16
pzm,157,55,23
pzm,157,55,26
pzm,157,55,47
pzm,157,55,33
pzm,157,55,38
pzm,157,55,45
pzm,157,55,35
pzm,157,55,40
pzm,157,55,37
pzm,157,55,34
pzm,157,55,41
pzm,157,55,44
pzm,157,55,32
pzm,157,55,46
pzm,157,55,36
pzm,157,55,43
pzm,157,55,42
pzm,157,55,39
pzm,157,55,54
pzm,157,55,61
pzm,157,55,56
pzm,157,55,63
pzm,157,55,50
pzm,157,55,51
pzm,157,55,57
pzm,157,55,55
pzm,157,55,60
pzm,157,55,48
pzm,157,55,53
pzm,157,55,58
pzm,157,55,52
pzm,157,55,59
pzm,157,55,62
pzm,157,55,49
pzm,157,55,68
pzm,157,55,66
pzm,157,55,73
pzm,157,55,64
pzm,157,55,67
pzm,157,55,70
pzm,157,55,77
pzm,157,55,76
pzm,157,55,69
pzm,157,55,74
pzm,157,55,71
pzm,157,55,65
pzm,157,55,72
pzm,157,55,79
pzm,157,55,78
pzm,157,55,75
pzm,157,55,83
pzm,157,55,82
pzm,157,55,81
pzm,157,55,84
pzm,157,55,86
pzm,157,55,87
pzm,157,55,85
pzm,157,55,88
pzm,157,55,80
pzm,131,50,15
pzm,131,52,15
pzm,131,51,14
pzm,131,53,9
pzm,131,48,15
pzm,131,53,14
pzm,131,50,13
pzm,131,52,10
pzm,131,51,9
pzm,131,52,13
pzm,131,51,12
pzm,131,53,11
pzm,131,50,11
pzm,131,52,12
pzm,131,49,11
pzm,131,53,12
pzm,131,48,11
pzm,131,51,10
pzm,131,51,13
pzm,131,50,10
pzm,131,53,15
pzm,131,52,9
pzm,131,49,14
pzm,131,51,15
pzm,131,48,14
pzm,131,50,14
pzm,131,50,9
pzm,131,48,12
pzm,131,49,13
pzm,131,49,15
pzm,131,48,9
pzm,131,49,10
pzm,131,48,10
pzm,131,51,11
pzm,131,52,11
pzm,131,53,13
pzm,131,49,12
pzm,131,49,9
pzm,131,53,10
pzm,131,48,13
pzm,131,50,12
pzm,131,52,14
pzm,131,50,29
pzm,131,53,23
pzm,131,50,22
pzm,131,53,16
pzm,131,53,30
pzm,131,48,20
pzm,131,49,30
pzm,131,51,28
pzm,131,52,31
pzm,131,51,25
pzm,131,48,27
pzm,131,48,17
pzm,131,49,23
pzm,131,50,26
pzm,131,53,19
pzm,131,48,24
pzm,131,49,27
pzm,131,48,31
pzm,131,48,21
pzm,131,52,30
pzm,131,51,22
pzm,131,49,29
pzm,131,51,29
pzm,131,49,22
pzm,131,52,16
pzm,131,48,19
pzm,131,51,20
pzm,131,51,27
pzm,131,52,18
pzm,131,52,23
pzm,131,53,27
pzm,131,50,19
pzm,131,53,26
pzm,131,50,18
pzm,131,49,16
pzm,131,52,24
pzm,131,52,17
pzm,131,51,21
pzm,131,50,25
pzm,131,53,20
pzm,131,48,26
pzm,131,52,22
pzm,131,52,29
pzm,131,51,23
pzm,131,48,29
pzm,131,49,21
pzm,131,50,24
pzm,131,50,31
pzm,131,53,21
pzm,131,48,22
pzm,131,51,30
pzm,131,49,28
pzm,131,49,18
pzm,131,52,19
pzm,131,48,25
pzm,131,52,26
pzm,131,49,17
pzm,131,52,25
pzm,131,51,19
pzm,131,50,27
pzm,131,50,20
pzm,131,53,18
pzm,131,53,25
pzm,131,50,17
pzm,131,53,28
pzm,131,51,16
pzm,131,49,24
pzm,131,50,30
pzm,131,48,18
pzm,131,51,26
pzm,131,48,28
pzm,131,50,23
pzm,131,53,17
pzm,131,53,31
pzm,131,53,22
pzm,131,48,30
pzm,131,52,21
pzm,131,52,28
pzm,131,49,20
pzm,131,49,31
pzm,131,53,24
pzm,131,50,21
pzm,131,50,16
pzm,131,53,29
pzm,131,51,17
pzm,131,49,25
pzm,131,51,18
pzm,131,52,20
pzm,131,49,26
pzm,131,51,24
pzm,131,51,31
pzm,131,48,16
pzm,131,48,23
pzm,131,50,28
pzm,131,52,27
pzm,131,49,19
pzm,131,53,37
pzm,131,53,44
pzm,131,52,38
pzm,131,49,44
pzm,131,50,36
pzm,131,48,45
pzm,131,49,33
pzm,131,52,41
pzm,131,50,47
pzm,131,53,41
pzm,131,51,35
pzm,131,53,34
pzm,131,50,40
pzm,131,50,33
pzm,131,49,47
pzm,131,49,40
pzm,131,51,32
pzm,131,48,38
pzm,131,51,46
pzm,131,49,34
pzm,131,51,42
pzm,131,48,34
pzm,131,52,35
pzm,131,50,46
pzm,131,48,41
pzm,131,52,42
pzm,131,52,45
pzm,131,51,39
pzm,131,50,43
pzm,131,48,44
pzm,131,49,37
pzm,131,49,43
pzm,131,53,45
pzm,131,49,36
pzm,131,52,37
pzm,131,52,44
pzm,131,50,44
pzm,131,50,37
pzm,131,50,39
pzm,131,48,40
pzm,131,53,47
pzm,131,49,41
pzm,131,48,39
pzm,131,48,46
pzm,131,51,40
pzm,131,51,47
pzm,131,48,32
pzm,131,50,32
pzm,131,51,41
pzm,131,53,40
pzm,131,48,33
pzm,131,50,38
pzm,131,53,46
pzm,131,53,33
pzm,131,51,34
pzm,131,49,42
pzm,131,48,43
pzm,131,52,43
pzm,131,49,35
pzm,131,51,37
pzm,131,50,45
pzm,131,53,32
pzm,131,53,39
pzm,131,53,42
pzm,131,49,46
pzm,131,52,36
pzm,131,50,34
pzm,131,51,33
pzm,131,53,35
pzm,131,48,47
pzm,131,53,38
pzm,131,52,32
pzm,131,51,36
pzm,131,48,42
pzm,131,52,39
pzm,131,48,37
pzm,131,52,46
pzm,131,50,42
pzm,131,51,38
pzm,131,49,38
pzm,131,51,45
pzm,131,51,43
pzm,131,48,35
pzm,131,52,40
pzm,131,52,33
pzm,131,52,47
pzm,131,50,41
pzm,131,49,39
pzm,131,52,34
pzm,131,53,43
pzm,131,49,45
pzm,131,53,36
pzm,131,50,35
pzm,131,48,36
pzm,131,49,32
pzm,131,51,44
pzm,131,50,50
pzm,131,52,52
pzm,131,48,48
pzm,131,48,55
pzm,131,51,56
pzm,131,49,51
pzm,131,51,53
pzm,131,52,48
pzm,131,52,55
pzm,131,49,54
pzm,131,53,55
pzm,131,53,48
pzm,131,53,54
pzm,131,51,49
pzm,131,50,53
pzm,131,51,52
pzm,131,53,51
pzm,131,53,52
pzm,131,50,51
pzm,131,52,51
pzm,131,48,51
pzm,131,52,49
pzm,131,48,53
pzm,131,51,48
pzm,131,51,54
pzm,131,52,56
pzm,131,49,48
pzm,131,48,52
pzm,131,49,55
pzm,131,52,50
pzm,131,51,51
pzm,131,48,50
pzm,131,53,53
pzm,131,49,56
pzm,131,49,49
pzm,131,52,54
pzm,131,50,52
pzm,131,48,54
pzm,131,49,53
pzm,131,51,55
pzm,131,49,50
pzm,131,50,56
pzm,131,51,50
pzm,131,48,56
pzm,131,50,49
pzm,131,53,50
pzm,131,50,55
pzm,131,50,54
pzm,131,53,49
pzm,131,49,52
pzm,131,52,53
pzm,131,50,48
pzm,131,48,49
pzm,131,53,56
pzm,141,48,11
pzm,141,50,13
pzm,141,50,15
pzm,141,48,13
pzm,141,48,15
pzm,141,50,14
pzm,141,48,9
pzm,141,50,11
pzm,141,48,12
pzm,141,50,12
pzm,141,48,10
pzm,141,50,10
pzm,141,50,9
pzm,141,48,14
pzm,141,48,20
pzm,141,50,25
pzm,141,50,18
pzm,141,48,16
pzm,141,50,21
pzm,141,48,31
pzm,141,50,28
pzm,141,50,16
pzm,141,48,23
pzm,141,50,23
pzm,141,48,24
pzm,141,50,22
pzm,141,48,17
pzm,141,48,30
pzm,141,50,29
pzm,141,50,27
pzm,141,48,18
pzm,141,50,20
pzm,141,50,30
pzm,141,48,29
pzm,141,50,17
pzm,141,50,31
pzm,141,48,28
pzm,141,48,25
pzm,141,50,24
pzm,141,48,22
pzm,141,48,19
pzm,141,50,19
pzm,141,50,26
pzm,141,48,21
pzm,141,48,26
pzm,141,48,27
pzm,141,48,41
pzm,141,50,43
pzm,141,50,36
pzm,141,48,34
pzm,141,50,46
pzm,141,48,44
pzm,141,48,38
pzm,141,48,45
pzm,141,50,47
pzm,141,50,35
pzm,141,48,42
pzm,141,48,36
pzm,141,48,37
pzm,141,48,43
pzm,141,50,42
pzm,141,50,34
pzm,141,50,41
pzm,141,48,32
pzm,141,48,46
pzm,141,48,39
pzm,141,50,44
pzm,141,48,35
pzm,141,50,37
pzm,141,48,33
pzm,141,48,40
pzm,141,48,47
pzm,141,50,40
pzm,141,50,33
pzm,141,50,38
pzm,141,50,45
pzm,141,50,39
pzm,141,50,32
pzm,141,48,55
pzm,141,48,51
pzm,141,50,53
pzm,141,50,50
pzm,141,48,48
pzm,141,50,49
pzm,141,50,54
pzm,141,48,49
pzm,141,50,56
pzm,141,48,50
pzm,141,48,56
pzm,141,50,55
pzm,141,50,48
pzm,141,48,54
pzm,141,48,52
pzm,141,50,51
pzm,141,50,52
pzm,141,48,53
pzm,139,47,12
pzm,139,47,15
pzm,139,47,9
pzm,139,47,13
pzm,139,47,11
pzm,139,47,14
pzm,139,47,10
pzm,139,47,24
pzm,139,47,21
pzm,139,47,31
pzm,139,47,28
pzm,139,47,25
pzm,139,47,27
pzm,139,47,20
pzm,139,47,26
pzm,139,47,22
pzm,139,47,18
pzm,139,47,16
pzm,139,47,29
pzm,139,47,30
pzm,139,47,23
pzm,139,47,17
pzm,139,47,42
pzm,139,47,45
pzm,139,47,35
pzm,139,47,38
pzm,139,47,32
pzm,139,47,41
pzm,139,47,39
pzm,139,47,34
pzm,139,47,46
pzm,139,47,33
pzm,139,47,40
pzm,139,47,47
pzm,139,47,44
pzm,139,47,37
pzm,139,47,36
pzm,139,47,43
pzm,139,47,52
pzm,139,47,59
pzm,139,47,53
pzm,139,47,54
pzm,139,47,51
pzm,139,47,62
pzm,139,47,48
pzm,139,47,55
pzm,139,47,50
pzm,139,47,56
pzm,139,47,77
pzm,139,47,68
pzm,139,47,65
pzm,139,47,71
pzm,139,47,74
pzm,139,47,86
pzm,139,47,83
pzm,139,47,80
pzm,141,51,63
pzm,141,53,58
pzm,141,49,61
pzm,141,49,58
pzm,141,54,61
pzm,141,51,60
pzm,141,53,61
pzm,141,51,59
pzm,141,53,62
pzm,141,52,62
pzm,141,50,60
pzm,141,52,59
pzm,141,50,63
pzm,141,54,58
pzm,141,50,61
pzm,141,49,60
pzm,141,52,60
pzm,141,52,61
pzm,141,54,60
pzm,141,51,58
pzm,141,49,59
pzm,141,50,62
pzm,141,53,63
pzm,141,54,59
pzm,141,54,62
pzm,141,49,63
pzm,141,49,62
pzm,141,52,58
pzm,141,53,59
pzm,141,51,62
pzm,141,52,63
pzm,141,50,59
pzm,141,50,58
pzm,141,54,63
pzm,141,51,61
pzm,141,53,60
pzm,141,52,71
pzm,141,49,77
pzm,141,52,78
pzm,141,53,79
pzm,141,53,72
pzm,141,52,64
pzm,141,50,71
pzm,141,54,78
pzm,141,51,77
pzm,141,54,73
pzm,141,54,64
pzm,141,49,70
pzm,141,50,76
pzm,141,49,68
pzm,141,52,76
pzm,141,52,66
pzm,141,51,72
pzm,141,53,77
pzm,141,52,73
pzm,141,51,65
pzm,141,51,75
pzm,141,50,64
pzm,141,51,70
pzm,141,53,74
pzm,141,54,75
pzm,141,50,74
pzm,141,50,69
pzm,141,53,75
pzm,141,49,73
pzm,141,52,75
pzm,141,50,66
pzm,141,53,68
pzm,141,49,74
pzm,141,51,73
pzm,141,54,77
pzm,141,54,68
pzm,141,50,67
pzm,141,51,76
pzm,141,52,69
pzm,141,49,64
pzm,141,51,69
pzm,141,54,74
pzm,141,51,66
pzm,141,49,67
pzm,141,53,65
pzm,141,50,73
pzm,141,54,71
pzm,141,51,79
pzm,141,53,78
pzm,141,52,72
pzm,141,54,79
pzm,141,50,70
pzm,141,54,72
pzm,141,53,64
pzm,141,51,78
pzm,141,54,65
pzm,141,49,69
pzm,141,50,77
pzm,141,52,70
pzm,141,52,79
pzm,141,52,65
pzm,141,53,71
pzm,141,54,70
pzm,141,51,64
pzm,141,53,66
pzm,141,50,79
pzm,141,50,72
pzm,141,49,71
pzm,141,49,78
pzm,141,54,67
pzm,141,49,76
pzm,141,52,68
pzm,141,53,69
pzm,141,49,66
pzm,141,51,67
pzm,141,52,67
pzm,141,51,74
pzm,141,54,76
pzm,141,54,69
pzm,141,53,76
pzm,141,53,67
pzm,141,51,68
pzm,141,49,65
pzm,141,52,74
pzm,141,49,79
pzm,141,49,75
pzm,141,53,73
pzm,141,53,70
pzm,141,50,75
pzm,141,50,68
pzm,141,52,77
pzm,141,51,71
pzm,141,54,66
pzm,141,49,72
pzm,141,50,65
pzm,141,50,78
pzm,141,51,85
pzm,141,52,85
pzm,141,49,84
pzm,141,50,84
pzm,141,53,86
pzm,141,53,85
pzm,141,54,87
pzm,141,51,86
pzm,141,49,83
pzm,141,53,80
pzm,141,50,85
pzm,141,54,86
pzm,141,53,84
pzm,141,49,86
pzm,141,52,84
pzm,141,51,83
pzm,141,54,85
pzm,141,52,86
pzm,141,50,82
pzm,141,54,80
pzm,141,51,80
pzm,141,49,81
pzm,141,50,87
pzm,141,53,87
pzm,141,52,81
pzm,141,53,82
pzm,141,50,81
pzm,141,51,81
pzm,141,49,80
pzm,141,54,83
pzm,141,52,82
pzm,141,49,87
pzm,141,50,80
pzm,141,54,82
pzm,141,52,83
pzm,141,51,82
pzm,141,52,80
pzm,141,49,82
pzm,141,51,87
pzm,141,52,87
pzm,141,54,81
pzm,141,53,81
pzm,141,50,86
pzm,141,51,84
pzm,141,49,85
pzm,141,53,83
pzm,141,54,84
pzm,141,50,83
pzm,186,48,5
pzm,182,48,5
pzm,178,48,5
pzm,185,48,5
pzm,177,48,5
pzm,189,48,5
pzm,191,48,5
pzm,190,48,5
pzm,183,48,5
pzm,176,48,5
pzm,188,48,5
pzm,180,48,5
pzm,184,48,5
pzm,179,48,5
pzm,187,48,5
pzm,181,48,5
pzm,202,48,5
pzm,198,48,5
pzm,206,48,5
pzm,197,48,5
pzm,205,48,5
pzm,196,48,5
pzm,204,48,5
pzm,200,48,5
pzm,203,48,5
pzm,199,48,5
pzm,192,48,5
pzm,207,48,5
pzm,195,48,5
pzm,193,48,5
pzm,201,48,5
pzm,194,48,5
pzm,214,48,5
pzm,218,48,5
pzm,221,48,5
pzm,213,48,5
pzm,210,48,5
pzm,217,48,5
pzm,211,48,5
pzm,219,48,5
pzm,212,48,5
pzm,216,48,5
pzm,220,48,5
pzm,223,48,5
pzm,209,48,5
pzm,222,48,5
pzm,215,48,5
pzm,208,48,5
pzm,238,48,5
pzm,234,48,5
pzm,225,48,5
pzm,226,48,5
pzm,233,48,5
pzm,232,48,5
pzm,231,48,5
pzm,227,48,5
pzm,235,48,5
pzm,239,48,5
pzm,228,48,5
pzm,224,48,5
pzm,237,48,5
pzm,236,48,5
pzm,230,48,5
pzm,229,48,5
pzm,241,48,5
pzm,240,48,5
pzm,185,48,-5
pzm,181,48,-5
pzm,189,48,-5
pzm,180,48,-5
pzm,188,48,-5
pzm,183,48,-5
pzm,187,48,-5
pzm,186,48,-5
pzm,182,48,-5
pzm,179,48,-5
pzm,178,48,-5
pzm,190,48,-5
pzm,176,48,-5
pzm,184,48,-5
pzm,177,48,-5
pzm,191,48,-5
pzm,201,48,-5
pzm,197,48,-5
pzm,196,48,-5
pzm,204,48,-5
pzm,193,48,-5
pzm,200,48,-5
pzm,194,48,-5
pzm,202,48,-5
pzm,195,48,-5
pzm,199,48,-5
pzm,203,48,-5
pzm,207,48,-5
pzm,192,48,-5
pzm,206,48,-5
pzm,205,48,-5
pzm,198,48,-5
pzm,217,48,-5
pzm,221,48,-5
pzm,208,48,-5
pzm,223,48,-5
pzm,209,48,-5
pzm,216,48,-5
pzm,215,48,-5
pzm,211,48,-5
pzm,222,48,-5
pzm,218,48,-5
pzm,214,48,-5
pzm,210,48,-5
pzm,213,48,-5
pzm,219,48,-5
pzm,220,48,-5
pzm,212,48,-5
pzm,224,48,-5
pzm,229,48,-5
pzm,228,48,-5
pzm,236,48,-5
pzm,232,48,-5
pzm,225,48,-5
pzm,231,48,-5
pzm,230,48,-5
pzm,237,48,-5
pzm,238,48,-5
pzm,235,48,-5
pzm,239,48,-5
pzm,233,48,-5
pzm,226,48,-5
pzm,227,48,-5
pzm,234,48,-5
pzm,240,48,-5
pzm,244,48,-5
pzm,245,48,-5
pzm,242,48,-5
pzm,243,48,-5
pzm,241,48,-5
pzm,191,51,-6
pzm,179,51,-6
pzm,188,51,-6
pzm,186,51,-6
pzm,180,51,-6
pzm,187,51,-6
pzm,177,51,-6
pzm,182,51,-6
pzm,189,51,-6
pzm,181,51,-6
pzm,178,51,-6
pzm,185,51,-6
pzm,184,51,-6
pzm,190,51,-6
pzm,183,51,-6
pzm,176,51,-6
pzm,176,51,6
pzm,180,51,6
pzm,188,51,6
pzm,184,51,6
pzm,177,51,6
pzm,189,51,6
pzm,191,51,6
pzm,190,51,6
pzm,183,51,6
pzm,186,51,6
pzm,178,51,6
pzm,182,51,6
pzm,181,51,6
pzm,185,51,6
pzm,187,51,6
pzm,179,51,6
pzm,207,51,-6
pzm,195,51,-6
pzm,192,51,-6
pzm,196,51,-6
pzm,203,51,-6
pzm,199,51,-6
pzm,200,51,-6
pzm,202,51,-6
pzm,194,51,-6
pzm,201,51,-6
pzm,205,51,-6
pzm,197,51,-6
pzm,193,51,-6
pzm,206,51,-6
pzm,198,51,-6
pzm,204,51,-6
pzm,200,51,6
pzm,196,51,6
pzm,192,51,6
pzm,199,51,6
pzm,203,51,6
pzm,205,51,6
pzm,204,51,6
pzm,197,51,6
pzm,194,51,6
pzm,202,51,6
pzm,198,51,6
pzm,206,51,6
pzm,195,51,6
pzm,193,51,6
pzm,207,51,6
pzm,201,51,6
pzm,223,51,-6
pzm,219,51,-6
pzm,215,51,-6
pzm,211,51,-6
pzm,216,51,-6
pzm,214,51,-6
pzm,222,51,-6
pzm,208,51,-6
pzm,221,51,-6
pzm,213,51,-6
pzm,209,51,-6
pzm,210,51,-6
pzm,217,51,-6
pzm,220,51,-6
pzm,212,51,-6
pzm,218,51,-6
pzm,212,51,6
pzm,216,51,6
pzm,220,51,6
pzm,218,51,6
pzm,219,51,6
pzm,211,51,6
pzm,214,51,6
pzm,221,51,6
pzm,210,51,6
pzm,217,51,6
pzm,213,51,6
pzm,209,51,6
pzm,223,51,6
pzm,208,51,6
pzm,222,51,6
pzm,215,51,6
pzm,227,51,-6
pzm,231,51,-6
pzm,235,51,-6
pzm,239,51,-6
pzm,228,51,-6
pzm,224,51,-6
pzm,236,51,-6
pzm,230,51,-6
pzm,238,51,-6
pzm,229,51,-6
pzm,225,51,-6
pzm,233,51,-6
pzm,237,51,-6
pzm,232,51,-6
pzm,234,51,-6
pzm,226,51,-6
pzm,232,51,6
pzm,239,51,6
pzm,228,51,6
pzm,227,51,6
pzm,235,51,6
pzm,224,51,6
pzm,231,51,6
pzm,225,51,6
pzm,233,51,6
pzm,226,51,6
pzm,238,51,6
pzm,234,51,6
pzm,236,51,6
pzm,237,51,6
pzm,229,51,6
pzm,230,51,6
pzm,247,51,-6
pzm,255,51,-6
pzm,243,51,-6
pzm,242,51,-6
pzm,252,51,-6
pzm,250,51,-6
pzm,244,51,-6
pzm,251,51,-6
pzm,245,51,-6
pzm,241,51,-6
pzm,253,51,-6
pzm,249,51,-6
pzm,240,51,-6
pzm,246,51,-6
pzm,254,51,-6
pzm,248,51,-6
pzm,255,51,6
pzm,252,51,6
pzm,248,51,6
pzm,240,51,6
pzm,254,51,6
pzm,247,51,6
pzm,241,51,6
pzm,242,51,6
pzm,245,51,6
pzm,246,51,6
pzm,249,51,6
pzm,253,51,6
pzm,250,51,6
pzm,251,51,6
pzm,244,51,6
pzm,243,51,6
pzm,189,54,-5
pzm,177,54,-5
pzm,178,54,-5
pzm,181,54,-5
pzm,185,54,-5
pzm,186,54,-5
pzm,179,54,-5
pzm,180,54,-5
pzm,187,54,-5
pzm,191,54,-5
pzm,188,54,-5
pzm,182,54,-5
pzm,184,54,-5
pzm,190,54,-5
pzm,183,54,-5
pzm,176,54,-5
pzm,187,54,5
pzm,191,54,5
pzm,176,54,5
pzm,183,54,5
pzm,182,54,5
pzm,190,54,5
pzm,189,54,5
pzm,184,54,5
pzm,181,54,5
pzm,188,54,5
pzm,180,54,5
pzm,177,54,5
pzm,186,54,5
pzm,185,54,5
pzm,179,54,5
pzm,178,54,5
pzm,205,54,-5
pzm,193,54,-5
pzm,206,54,-5
pzm,202,54,-5
pzm,200,54,-5
pzm,201,54,-5
pzm,194,54,-5
pzm,195,54,-5
pzm,207,54,-5
pzm,196,54,-5
pzm,199,54,-5
pzm,203,54,-5
pzm,192,54,-5
pzm,204,54,-5
pzm,198,54,-5
pzm,197,54,-5
pzm,206,54,5
pzm,194,54,5
pzm,195,54,5
pzm,198,54,5
pzm,202,54,5
pzm,203,54,5
pzm,197,54,5
pzm,196,54,5
pzm,204,54,5
pzm,192,54,5
pzm,205,54,5
pzm,201,54,5
pzm,199,54,5
pzm,207,54,5
pzm,200,54,5
pzm,193,54,5
pzm,213,54,-5
pzm,221,54,-5
pzm,209,54,-5
pzm,210,54,-5
pzm,217,54,-5
pzm,222,54,-5
pzm,214,54,-5
pzm,216,54,-5
pzm,215,54,-5
pzm,208,54,-5
pzm,219,54,-5
pzm,223,54,-5
pzm,211,54,-5
pzm,218,54,-5
pzm,212,54,-5
pzm,220,54,-5
pzm,222,54,5
pzm,210,54,5
pzm,223,54,5
pzm,217,54,5
pzm,219,54,5
pzm,218,54,5
pzm,211,54,5
pzm,212,54,5
pzm,208,54,5
pzm,213,54,5
pzm,216,54,5
pzm,220,54,5
pzm,209,54,5
pzm,221,54,5
pzm,215,54,5
pzm,214,54,5
pzm,229,54,-5
pzm,225,54,-5
pzm,233,54,-5
pzm,237,54,-5
pzm,230,54,-5
pzm,228,54,-5
pzm,238,54,-5
pzm,236,54,-5
pzm,231,54,-5
pzm,227,54,-5
pzm,235,54,-5
pzm,239,54,-5
pzm,224,54,-5
pzm,226,54,-5
pzm,232,54,-5
pzm,234,54,-5
pzm,230,54,5
pzm,238,54,5
pzm,226,54,5
pzm,227,54,5
pzm,234,54,5
pzm,239,54,5
pzm,231,54,5
pzm,233,54,5
pzm,232,54,5
pzm,225,54,5
pzm,228,54,5
pzm,236,54,5
pzm,224,54,5
pzm,235,54,5
pzm,229,54,5
pzm,237,54,5
pzm,245,54,-5
pzm,253,54,-5
pzm,241,54,-5
pzm,249,54,-5
pzm,244,54,-5
pzm,252,54,-5
pzm,250,54,-5
pzm,251,54,-5
pzm,243,54,-5
pzm,255,54,-5
pzm,242,54,-5
pzm,246,54,-5
pzm,248,54,-5
pzm,254,54,-5
pzm,247,54,-5
pzm,240,54,-5
pzm,250,54,5
pzm,254,54,5
pzm,246,54,5
pzm,242,54,5
pzm,247,54,5
pzm,255,54,5
pzm,245,54,5
pzm,253,54,5
pzm,248,54,5
pzm,252,54,5
pzm,244,54,5
pzm,240,54,5
pzm,241,54,5
pzm,249,54,5
pzm,251,54,5
pzm,243,54,5
pzm,189,55,-2
pzm,177,55,-2
pzm,190,55,-2
pzm,184,55,-2
pzm,186,55,-2
pzm,185,55,-2
pzm,178,55,-2
pzm,191,55,-2
pzm,179,55,-2
pzm,183,55,-2
pzm,180,55,-2
pzm,187,55,-2
pzm,176,55,-2
pzm,182,55,-2
pzm,188,55,-2
pzm,181,55,-2
pzm,205,55,-2
pzm,197,55,-2
pzm,193,55,-2
pzm,194,55,-2
pzm,201,55,-2
pzm,198,55,-2
pzm,206,55,-2
pzm,200,55,-2
pzm,199,55,-2
pzm,192,55,-2
pzm,203,55,-2
pzm,207,55,-2
pzm,195,55,-2
pzm,204,55,-2
pzm,196,55,-2
pzm,202,55,-2
pzm,213,55,-2
pzm,221,55,-2
pzm,209,55,-2
pzm,220,55,-2
pzm,214,55,-2
pzm,212,55,-2
pzm,222,55,-2
pzm,215,55,-2
pzm,219,55,-2
pzm,223,55,-2
pzm,211,55,-2
pzm,208,55,-2
pzm,218,55,-2
pzm,216,55,-2
pzm,210,55,-2
pzm,217,55,-2
pzm,229,55,-2
pzm,237,55,-2
pzm,225,55,-2
pzm,233,55,-2
pzm,236,55,-2
pzm,228,55,-2
pzm,234,55,-2
pzm,235,55,-2
pzm,231,55,-2
pzm,227,55,-2
pzm,239,55,-2
pzm,226,55,-2
pzm,224,55,-2
pzm,230,55,-2
pzm,238,55,-2
pzm,232,55,-2
pzm,241,55,-2
pzm,240,55,-2
pzm,242,55,-2
pzm,243,55,-2
pzm,188,55,2
pzm,184,55,2
pzm,176,55,2
pzm,180,55,2
pzm,177,55,2
pzm,185,55,2
pzm,187,55,2
pzm,179,55,2
pzm,186,55,2
pzm,182,55,2
pzm,190,55,2
pzm,178,55,2
pzm,189,55,2
pzm,183,55,2
pzm,181,55,2
pzm,191,55,2
pzm,200,55,2
pzm,196,55,2
pzm,204,55,2
pzm,192,55,2
pzm,199,55,2
pzm,201,55,2
pzm,193,55,2
pzm,207,55,2
pzm,198,55,2
pzm,202,55,2
pzm,206,55,2
pzm,194,55,2
pzm,197,55,2
pzm,195,55,2
pzm,205,55,2
pzm,203,55,2
pzm,208,55,2
pzm,216,55,2
pzm,212,55,2
pzm,220,55,2
pzm,209,55,2
pzm,213,55,2
pzm,215,55,2
pzm,223,55,2
pzm,221,55,2
pzm,214,55,2
pzm,222,55,2
pzm,210,55,2
pzm,217,55,2
pzm,219,55,2
pzm,218,55,2
pzm,211,55,2
pzm,228,55,2
pzm,224,55,2
pzm,227,55,2
pzm,237,55,2
pzm,235,55,2
pzm,236,55,2
pzm,229,55,2
pzm,230,55,2
pzm,226,55,2
pzm,238,55,2
pzm,234,55,2
pzm,231,55,2
pzm,233,55,2
pzm,232,55,2
pzm,225,55,2
pzmf,155,48,-49
pzmf,155,48,-42
pzmf,155,48,-35
pzmf,155,48,-40
pzmf,155,48,-47
pzmf,155,48,-37
pzmf,155,48,-38
pzmf,155,48,-45
pzmf,155,48,-44
pzmf,155,48,-41
pzmf,155,48,-34
pzmf,155,48,-48
pzmf,155,48,-39
pzmf,155,48,-33
pzmf,155,48,-43
pzmf,155,48,-36
pzmf,155,48,-46
pzmf,155,48,-21
pzmf,155,48,-26
pzmf,155,48,-19
pzmf,155,48,-24
pzmf,155,48,-31
pzmf,155,48,-18
pzmf,155,48,-25
pzmf,155,48,-28
pzmf,155,48,-27
pzmf,155,48,-20
pzmf,155,48,-22
pzmf,155,48,-29
pzmf,155,48,-32
pzmf,155,48,-30
pzmf,155,48,-17
pzmf,155,48,-23
pzmf,155,48,-13
pzmf,155,48,-12
pzmf,155,48,-11
pzmf,155,48,-14
pzmf,155,48,-9
pzmf,155,48,-16
pzmf,155,48,-15
pzmf,155,48,-10
pzmf,154,50,-49
pzmf,154,50,-50
pzmf,154,50,-33
pzmf,154,50,-40
pzmf,154,50,-47
pzmf,154,50,-35
pzmf,154,50,-42
pzmf,154,50,-45
pzmf,154,50,-43
pzmf,154,50,-39
pzmf,154,50,-46
pzmf,154,50,-36
pzmf,154,50,-48
pzmf,154,50,-34
pzmf,154,50,-37
pzmf,154,50,-44
pzmf,154,50,-38
pzmf,154,50,-41
pzmf,154,50,-19
pzmf,154,50,-26
pzmf,154,50,-17
pzmf,154,50,-24
pzmf,154,50,-30
pzmf,154,50,-29
pzmf,154,50,-23
pzmf,154,50,-20
pzmf,154,50,-25
pzmf,154,50,-27
pzmf,154,50,-32
pzmf,154,50,-22
pzmf,154,50,-21
pzmf,154,50,-28
pzmf,154,50,-31
pzmf,154,50,-18
pzmf,154,50,-12
pzmf,154,50,-11
pzmf,154,50,-9
pzmf,154,50,-14
pzmf,154,50,-15
pzmf,154,50,-16
pzmf,154,50,-10
pzmf,154,50,-13
pzmf,154,52,-50
pzmf,154,52,-49
pzmf,154,52,-40
pzmf,154,52,-33
pzmf,154,52,-38
pzmf,154,52,-35
pzmf,154,52,-44
pzmf,154,52,-37
pzmf,154,52,-34
pzmf,154,52,-47
pzmf,154,52,-41
pzmf,154,52,-46
pzmf,154,52,-48
pzmf,154,52,-43
pzmf,154,52,-36
pzmf,154,52,-45
pzmf,154,52,-42
pzmf,154,52,-39
pzmf,154,52,-26
pzmf,154,52,-19
pzmf,154,52,-17
pzmf,154,52,-28
pzmf,154,52,-31
pzmf,154,52,-24
pzmf,154,52,-21
pzmf,154,52,-32
pzmf,154,52,-18
pzmf,154,52,-27
pzmf,154,52,-20
pzmf,154,52,-30
pzmf,154,52,-25
pzmf,154,52,-29
pzmf,154,52,-22
pzmf,154,52,-23
pzmf,154,52,-11
pzmf,154,52,-10
pzmf,154,52,-12
pzmf,154,52,-15
pzmf,154,52,-14
pzmf,154,52,-9
pzmf,154,52,-13
pzmf,154,52,-16
pzmf,155,54,-50
pzmf,155,54,-49
pzmf,155,54,-40
pzmf,155,54,-45
pzmf,155,54,-42
pzmf,155,54,-47
pzmf,155,54,-44
pzmf,155,54,-35
pzmf,155,54,-48
pzmf,155,54,-41
pzmf,155,54,-38
pzmf,155,54,-39
pzmf,155,54,-34
pzmf,155,54,-37
pzmf,155,54,-43
pzmf,155,54,-36
pzmf,155,54,-33
pzmf,155,54,-46
pzmf,155,54,-17
pzmf,155,54,-26
pzmf,155,54,-31
pzmf,155,54,-19
pzmf,155,54,-24
pzmf,155,54,-29
pzmf,155,54,-28
pzmf,155,54,-21
pzmf,155,54,-22
pzmf,155,54,-25
pzmf,155,54,-18
pzmf,155,54,-32
pzmf,155,54,-27
pzmf,155,54,-30
pzmf,155,54,-23
pzmf,155,54,-20
pzmf,155,54,-10
pzmf,155,54,-16
pzmf,155,54,-9
pzmf,155,54,-11
pzmf,155,54,-14
pzmf,155,54,-13
pzmf,155,54,-12
pzmf,155,54,-15
pzmf,157,55,-39
pzmf,157,55,-37
pzmf,157,55,-35
pzmf,157,55,-34
pzmf,157,55,-41
pzmf,157,55,-44
pzmf,157,55,-33
pzmf,157,55,-38
pzmf,157,55,-40
pzmf,157,55,-45
pzmf,157,55,-42
pzmf,157,55,-43
pzmf,157,55,-36
pzmf,157,55,-32
pzmf,157,55,-25
pzmf,157,55,-30
pzmf,157,55,-27
pzmf,157,55,-21
pzmf,157,55,-28
pzmf,157,55,-31
pzmf,157,55,-18
pzmf,157,55,-17
pzmf,157,55,-24
pzmf,157,55,-19
pzmf,157,55,-22
pzmf,157,55,-20
pzmf,157,55,-29
pzmf,157,55,-23
pzmf,157,55,-26
pzmf,157,55,-11
pzmf,157,55,-16
pzmf,157,55,-12
pzmf,157,55,-9
pzmf,157,55,-14
pzmf,157,55,-15
pzmf,157,55,-13
pzmf,157,55,-10
pzmf,163,55,-51
pzmf,163,55,-49
pzmf,163,55,-50
pzmf,163,55,-48
pzmf,163,55,-34
pzmf,163,55,-39
pzmf,163,55,-46
pzmf,163,55,-36
pzmf,163,55,-41
pzmf,163,55,-38
pzmf,163,55,-35
pzmf,163,55,-42
pzmf,163,55,-45
pzmf,163,55,-33
pzmf,163,55,-40
pzmf,163,55,-47
pzmf,163,55,-44
pzmf,163,55,-37
pzmf,163,55,-43
pzmf,163,55,-20
pzmf,163,55,-25
pzmf,163,55,-18
pzmf,163,55,-23
pzmf,163,55,-22
pzmf,163,55,-29
pzmf,163,55,-32
pzmf,163,55,-19
pzmf,163,55,-26
pzmf,163,55,-28
pzmf,163,55,-21
pzmf,163,55,-31
pzmf,163,55,-30
pzmf,163,55,-17
pzmf,163,55,-24
pzmf,163,55,-27
pzmf,163,55,-11
pzmf,163,55,-12
pzmf,163,55,-10
pzmf,163,55,-13
pzmf,163,55,-15
pzmf,163,55,-16
pzmf,163,55,-9
pzmf,163,55,-14
pzmf,165,54,-49
pzmf,165,54,-51
pzmf,165,54,-50
pzmf,165,54,-52
pzmf,165,54,-35
pzmf,165,54,-40
pzmf,165,54,-33
pzmf,165,54,-38
pzmf,165,54,-44
pzmf,165,54,-37
pzmf,165,54,-47
pzmf,165,54,-34
pzmf,165,54,-41
pzmf,165,54,-48
pzmf,165,54,-36
pzmf,165,54,-43
pzmf,165,54,-46
pzmf,165,54,-45
pzmf,165,54,-39
pzmf,165,54,-42
pzmf,165,54,-26
pzmf,165,54,-28
pzmf,165,54,-30
pzmf,165,54,-17
pzmf,165,54,-31
pzmf,165,54,-21
pzmf,165,54,-24
pzmf,165,54,-27
pzmf,165,54,-18
pzmf,165,54,-25
pzmf,165,54,-20
pzmf,165,54,-23
pzmf,165,54,-22
pzmf,165,54,-32
pzmf,165,54,-19
pzmf,165,54,-29
pzmf,165,54,-12
pzmf,165,54,-13
pzmf,165,54,-10
pzmf,165,54,-15
pzmf,165,54,-9
pzmf,165,54,-16
pzmf,165,54,-14
pzmf,165,54,-11
pzmf,166,52,-49
pzmf,166,52,-51
pzmf,166,52,-56
pzmf,166,52,-55
pzmf,166,52,-52
pzmf,166,52,-50
pzmf,166,52,-53
pzmf,166,52,-54
pzmf,166,52,-35
pzmf,166,52,-42
pzmf,166,52,-33
pzmf,166,52,-39
pzmf,166,52,-46
pzmf,166,52,-45
pzmf,166,52,-36
pzmf,166,52,-41
pzmf,166,52,-48
pzmf,166,52,-38
pzmf,166,52,-43
pzmf,166,52,-40
pzmf,166,52,-37
pzmf,166,52,-44
pzmf,166,52,-47
pzmf,166,52,-34
pzmf,166,52,-21
pzmf,166,52,-28
pzmf,166,52,-30
pzmf,166,52,-32
pzmf,166,52,-23
pzmf,166,52,-19
pzmf,166,52,-26
pzmf,166,52,-29
pzmf,166,52,-22
pzmf,166,52,-27
pzmf,166,52,-20
pzmf,166,52,-25
pzmf,166,52,-17
pzmf,166,52,-24
pzmf,166,52,-31
pzmf,166,52,-18
pzmf,166,52,-13
pzmf,166,52,-14
pzmf,166,52,-12
pzmf,166,52,-15
pzmf,166,52,-10
pzmf,166,52,-9
pzmf,166,52,-11
pzmf,166,52,-16
pzmf,166,50,-51
pzmf,166,50,-54
pzmf,166,50,-52
pzmf,166,50,-50
pzmf,166,50,-55
pzmf,166,50,-53
pzmf,166,50,-49
pzmf,166,50,-56
pzmf,166,50,-35
pzmf,166,50,-44
pzmf,166,50,-42
pzmf,166,50,-37
pzmf,166,50,-47
pzmf,166,50,-48
pzmf,166,50,-38
pzmf,166,50,-41
pzmf,166,50,-43
pzmf,166,50,-36
pzmf,166,50,-34
pzmf,166,50,-45
pzmf,166,50,-40
pzmf,166,50,-33
pzmf,166,50,-39
pzmf,166,50,-46
pzmf,166,50,-21
pzmf,166,50,-30
pzmf,166,50,-32
pzmf,166,50,-19
pzmf,166,50,-25
pzmf,166,50,-18
pzmf,166,50,-31
pzmf,166,50,-28
pzmf,166,50,-22
pzmf,166,50,-29
pzmf,166,50,-24
pzmf,166,50,-27
pzmf,166,50,-26
pzmf,166,50,-17
pzmf,166,50,-20
pzmf,166,50,-23
pzmf,166,50,-15
pzmf,166,50,-16
pzmf,166,50,-9
pzmf,166,50,-14
pzmf,166,50,-11
pzmf,166,50,-12
pzmf,166,50,-13
pzmf,166,50,-10
pzmf,165,48,-53
pzmf,165,48,-56
pzmf,165,48,-51
pzmf,165,48,-54
pzmf,165,48,-50
pzmf,165,48,-52
pzmf,165,48,-55
pzmf,165,48,-49
pzmf,165,48,-44
pzmf,165,48,-37
pzmf,165,48,-46
pzmf,165,48,-35
pzmf,165,48,-41
pzmf,165,48,-34
pzmf,165,48,-40
pzmf,165,48,-47
pzmf,165,48,-36
pzmf,165,48,-45
pzmf,165,48,-43
pzmf,165,48,-38
pzmf,165,48,-33
pzmf,165,48,-48
pzmf,165,48,-39
pzmf,165,48,-42
pzmf,165,48,-30
pzmf,165,48,-23
pzmf,165,48,-28
pzmf,165,48,-25
pzmf,165,48,-18
pzmf,165,48,-27
pzmf,165,48,-21
pzmf,165,48,-24
pzmf,165,48,-22
pzmf,165,48,-31
pzmf,165,48,-17
pzmf,165,48,-20
pzmf,165,48,-26
pzmf,165,48,-19
pzmf,165,48,-32
pzmf,165,48,-29
pzmf,165,48,-16
pzmf,165,48,-9
pzmf,165,48,-10
pzmf,165,48,-15
pzmf,165,48,-12
pzmf,165,48,-13
pzmf,165,48,-14
pzmf,165,48,-11
pzmf,165,48,13
pzmf,165,48,14
pzmf,165,48,11
pzmf,165,48,10
pzmf,165,48,9
pzmf,165,48,15
pzmf,165,48,12
pzmf,165,48,28
pzmf,165,48,19
pzmf,165,48,26
pzmf,165,48,16
pzmf,165,48,21
pzmf,165,48,31
pzmf,165,48,18
pzmf,165,48,22
pzmf,165,48,25
pzmf,165,48,27
pzmf,165,48,29
pzmf,165,48,17
pzmf,165,48,24
pzmf,165,48,23
pzmf,165,48,20
pzmf,165,48,30
pzmf,165,48,35
pzmf,165,48,42
pzmf,165,48,37
pzmf,165,48,44
pzmf,165,48,47
pzmf,165,48,45
pzmf,165,48,32
pzmf,165,48,38
pzmf,165,48,36
pzmf,165,48,41
pzmf,165,48,34
pzmf,165,48,39
pzmf,165,48,46
pzmf,165,48,33
pzmf,165,48,40
pzmf,165,48,43
pzmf,165,48,49
pzmf,165,48,63
pzmf,165,48,54
pzmf,165,48,51
pzmf,165,48,58
pzmf,165,48,61
pzmf,165,48,48
pzmf,165,48,50
pzmf,165,48,55
pzmf,165,48,62
pzmf,165,48,52
pzmf,165,48,57
pzmf,165,48,53
pzmf,165,48,60
pzmf,165,48,59
pzmf,165,48,56
pzmf,165,48,72
pzmf,165,48,77
pzmf,165,48,65
pzmf,165,48,70
pzmf,165,48,67
pzmf,165,48,68
pzmf,165,48,74
pzmf,165,48,64
pzmf,165,48,71
pzmf,165,48,78
pzmf,165,48,73
pzmf,165,48,75
pzmf,165,48,69
pzmf,165,48,76
pzmf,165,48,66
pzmf,165,48,79
pzmf,165,48,85
pzmf,165,48,86
pzmf,165,48,80
pzmf,165,48,83
pzmf,165,48,88
pzmf,165,48,82
pzmf,165,48,81
pzmf,165,48,84
pzmf,165,48,87
pzmf,154,50,10
pzmf,154,50,11
pzmf,154,50,12
pzmf,154,50,9
pzmf,154,50,14
pzmf,154,50,15
pzmf,154,50,13
pzmf,154,50,16
pzmf,154,50,25
pzmf,154,50,30
pzmf,154,50,27
pzmf,154,50,29
pzmf,154,50,20
pzmf,154,50,26
pzmf,154,50,23
pzmf,154,50,17
pzmf,154,50,24
pzmf,154,50,19
pzmf,154,50,22
pzmf,154,50,28
pzmf,154,50,21
pzmf,154,50,18
pzmf,154,50,31
pzmf,154,50,32
pzmf,154,50,46
pzmf,154,50,37
pzmf,154,50,35
pzmf,154,50,42
pzmf,154,50,36
pzmf,154,50,39
pzmf,154,50,38
pzmf,154,50,45
pzmf,154,50,33
pzmf,154,50,40
pzmf,154,50,43
pzmf,154,50,34
pzmf,154,50,41
pzmf,154,50,47
pzmf,154,50,44
pzmf,154,50,60
pzmf,154,50,51
pzmf,154,50,58
pzmf,154,50,48
pzmf,154,50,53
pzmf,154,50,49
pzmf,154,50,56
pzmf,154,50,55
pzmf,154,50,62
pzmf,154,50,52
pzmf,154,50,59
pzmf,154,50,61
pzmf,154,50,63
pzmf,154,50,50
pzmf,154,50,54
pzmf,154,50,57
pzmf,154,50,67
pzmf,154,50,74
pzmf,154,50,69
pzmf,154,50,76
pzmf,154,50,79
pzmf,154,50,78
pzmf,154,50,65
pzmf,154,50,72
pzmf,154,50,75
pzmf,154,50,68
pzmf,154,50,73
pzmf,154,50,66
pzmf,154,50,71
pzmf,154,50,70
pzmf,154,50,77
pzmf,154,50,64
pzmf,154,50,81
pzmf,154,50,82
pzmf,154,50,87
pzmf,154,50,84
pzmf,154,50,85
pzmf,154,50,86
pzmf,154,50,83
pzmf,154,50,88
pzmf,154,50,80
pzmf,166,50,14
pzmf,166,50,15
pzmf,166,50,9
pzmf,166,50,12
pzmf,166,50,11
pzmf,166,50,10
pzmf,166,50,13
pzmf,166,50,28
pzmf,166,50,30
pzmf,166,50,25
pzmf,166,50,18
pzmf,166,50,24
pzmf,166,50,31
pzmf,166,50,21
pzmf,166,50,29
pzmf,166,50,20
pzmf,166,50,27
pzmf,166,50,22
pzmf,166,50,17
pzmf,166,50,19
pzmf,166,50,16
pzmf,166,50,23
pzmf,166,50,26
pzmf,166,50,42
pzmf,166,50,37
pzmf,166,50,40
pzmf,166,50,35
pzmf,166,50,47
pzmf,166,50,34
pzmf,166,50,41
pzmf,166,50,44
pzmf,166,50,43
pzmf,166,50,36
pzmf,166,50,38
pzmf,166,50,45
pzmf,166,50,32
pzmf,166,50,33
pzmf,166,50,46
pzmf,166,50,39
pzmf,166,50,51
pzmf,166,50,56
pzmf,166,50,63
pzmf,166,50,53
pzmf,166,50,58
pzmf,166,50,61
pzmf,166,50,54
pzmf,166,50,60
pzmf,166,50,57
pzmf,166,50,50
pzmf,166,50,48
pzmf,166,50,55
pzmf,166,50,52
pzmf,166,50,59
pzmf,166,50,62
pzmf,166,50,49
pzmf,166,50,79
pzmf,166,50,65
pzmf,166,50,72
pzmf,166,50,74
pzmf,166,50,76
pzmf,166,50,70
pzmf,166,50,77
pzmf,166,50,67
pzmf,166,50,78
pzmf,166,50,64
pzmf,166,50,73
pzmf,166,50,71
pzmf,166,50,66
pzmf,166,50,68
pzmf,166,50,69
pzmf,166,50,75
pzmf,166,50,86
pzmf,166,50,87
pzmf,166,50,81
pzmf,166,50,84
pzmf,166,50,83
pzmf,166,50,82
pzmf,166,50,88
pzmf,166,50,85
pzmf,166,50,80
pzmf,154,52,10
pzmf,154,52,9
pzmf,154,52,11
pzmf,154,52,14
pzmf,154,52,13
pzmf,154,52,12
pzmf,154,52,15
pzmf,154,52,25
pzmf,154,52,18
pzmf,154,52,16
pzmf,154,52,28
pzmf,154,52,21
pzmf,154,52,22
pzmf,154,52,17
pzmf,154,52,31
pzmf,154,52,26
pzmf,154,52,19
pzmf,154,52,24
pzmf,154,52,29
pzmf,154,52,27
pzmf,154,52,23
pzmf,154,52,30
pzmf,154,52,20
pzmf,154,52,32
pzmf,154,52,46
pzmf,154,52,39
pzmf,154,52,34
pzmf,154,52,37
pzmf,154,52,44
pzmf,154,52,35
pzmf,154,52,41
pzmf,154,52,38
pzmf,154,52,40
pzmf,154,52,45
pzmf,154,52,42
pzmf,154,52,47
pzmf,154,52,43
pzmf,154,52,36
pzmf,154,52,33
pzmf,154,52,53
pzmf,154,52,62
pzmf,154,52,55
pzmf,154,52,60
pzmf,154,52,57
pzmf,154,52,58
pzmf,154,52,48
pzmf,154,52,51
pzmf,154,52,61
pzmf,154,52,54
pzmf,154,52,52
pzmf,154,52,50
pzmf,154,52,49
pzmf,154,52,63
pzmf,154,52,59
pzmf,154,52,56
pzmf,154,52,76
pzmf,154,52,67
pzmf,154,52,78
pzmf,154,52,65
pzmf,154,52,64
pzmf,154,52,71
pzmf,154,52,77
pzmf,154,52,74
pzmf,154,52,68
pzmf,154,52,75
pzmf,154,52,70
pzmf,154,52,73
pzmf,154,52,79
pzmf,154,52,72
pzmf,154,52,66
pzmf,154,52,69
pzmf,154,52,82
pzmf,154,52,81
pzmf,154,52,88
pzmf,154,52,83
pzmf,154,52,86
pzmf,154,52,80
pzmf,154,52,85
pzmf,154,52,84
pzmf,154,52,87
pzmf,166,52,15
pzmf,166,52,9
pzmf,166,52,14
pzmf,166,52,11
pzmf,166,52,12
pzmf,166,52,13
pzmf,166,52,10
pzmf,166,52,30
pzmf,166,52,23
pzmf,166,52,21
pzmf,166,52,16
pzmf,166,52,26
pzmf,166,52,27
pzmf,166,52,17
pzmf,166,52,20
pzmf,166,52,22
pzmf,166,52,31
pzmf,166,52,24
pzmf,166,52,29
pzmf,166,52,19
pzmf,166,52,18
pzmf,166,52,28
pzmf,166,52,25
pzmf,166,52,44
pzmf,166,52,37
pzmf,166,52,42
pzmf,166,52,39
pzmf,166,52,32
pzmf,166,52,33
pzmf,166,52,40
pzmf,166,52,46
pzmf,166,52,43
pzmf,166,52,45
pzmf,166,52,36
pzmf,166,52,34
pzmf,166,52,47
pzmf,166,52,41
pzmf,166,52,35
pzmf,166,52,38
pzmf,166,52,51
pzmf,166,52,58
pzmf,166,52,60
pzmf,166,52,62
pzmf,166,52,63
pzmf,166,52,49
pzmf,166,52,53
pzmf,166,52,56
pzmf,166,52,59
pzmf,166,52,57
pzmf,166,52,50
pzmf,166,52,52
pzmf,166,52,55
pzmf,166,52,48
pzmf,166,52,54
pzmf,166,52,61
pzmf,166,52,72
pzmf,166,52,67
pzmf,166,52,70
pzmf,166,52,65
pzmf,166,52,69
pzmf,166,52,76
pzmf,166,52,79
pzmf,166,52,73
pzmf,166,52,66
pzmf,166,52,75
pzmf,166,52,68
pzmf,166,52,78
pzmf,166,52,77
pzmf,166,52,71
pzmf,166,52,64
pzmf,166,52,74
pzmf,166,52,80
pzmf,166,52,81
pzmf,166,52,86
pzmf,166,52,88
pzmf,166,52,83
pzmf,166,52,84
pzmf,166,52,85
pzmf,166,52,82
pzmf,166,52,87
pzmf,155,48,9
pzmf,155,48,15
pzmf,155,48,10
pzmf,155,48,14
pzmf,155,48,12
pzmf,155,48,11
pzmf,155,48,13
pzmf,155,48,23
pzmf,155,48,16
pzmf,155,48,25
pzmf,155,48,30
pzmf,155,48,27
pzmf,155,48,28
pzmf,155,48,18
pzmf,155,48,31
pzmf,155,48,21
pzmf,155,48,24
pzmf,155,48,22
pzmf,155,48,17
pzmf,155,48,20
pzmf,155,48,19
pzmf,155,48,29
pzmf,155,48,26
pzmf,155,48,37
pzmf,155,48,46
pzmf,155,48,32
pzmf,155,48,35
pzmf,155,48,41
pzmf,155,48,34
pzmf,155,48,47
pzmf,155,48,44
pzmf,155,48,45
pzmf,155,48,38
pzmf,155,48,43
pzmf,155,48,40
pzmf,155,48,42
pzmf,155,48,33
pzmf,155,48,36
pzmf,155,48,39
pzmf,155,48,60
pzmf,155,48,51
pzmf,155,48,58
pzmf,155,48,53
pzmf,155,48,48
pzmf,155,48,63
pzmf,155,48,54
pzmf,155,48,57
pzmf,155,48,59
pzmf,155,48,52
pzmf,155,48,50
pzmf,155,48,61
pzmf,155,48,56
pzmf,155,48,55
pzmf,155,48,49
pzmf,155,48,62
pzmf,155,48,74
pzmf,155,48,79
pzmf,155,48,76
pzmf,155,48,77
pzmf,155,48,70
pzmf,155,48,64
pzmf,155,48,67
pzmf,155,48,73
pzmf,155,48,68
pzmf,155,48,71
pzmf,155,48,66
pzmf,155,48,69
pzmf,155,48,78
pzmf,155,48,72
pzmf,155,48,65
pzmf,155,48,75
pzmf,155,48,88
pzmf,155,48,81
pzmf,155,48,87
pzmf,155,48,82
pzmf,155,48,86
pzmf,155,48,84
pzmf,155,48,85
pzmf,155,48,83
pzmf,155,48,80
pzmf,155,54,11
pzmf,155,54,10
pzmf,155,54,9
pzmf,155,54,12
pzmf,155,54,15
pzmf,155,54,14
pzmf,155,54,13
pzmf,155,54,18
pzmf,155,54,27
pzmf,155,54,20
pzmf,155,54,30
pzmf,155,54,25
pzmf,155,54,28
pzmf,155,54,31
pzmf,155,54,24
pzmf,155,54,21
pzmf,155,54,26
pzmf,155,54,19
pzmf,155,54,17
pzmf,155,54,22
pzmf,155,54,29
pzmf,155,54,23
pzmf,155,54,16
pzmf,155,54,46
pzmf,155,54,32
pzmf,155,54,41
pzmf,155,54,43
pzmf,155,54,44
pzmf,155,54,37
pzmf,155,54,34
pzmf,155,54,40
pzmf,155,54,47
pzmf,155,54,33
pzmf,155,54,38
pzmf,155,54,35
pzmf,155,54,36
pzmf,155,54,45
pzmf,155,54,42
pzmf,155,54,39
pzmf,155,54,62
pzmf,155,54,55
pzmf,155,54,53
pzmf,155,54,48
pzmf,155,54,51
pzmf,155,54,50
pzmf,155,54,60
pzmf,155,54,57
pzmf,155,54,54
pzmf,155,54,63
pzmf,155,54,56
pzmf,155,54,61
pzmf,155,54,58
pzmf,155,54,59
pzmf,155,54,49
pzmf,155,54,52
pzmf,155,54,76
pzmf,155,54,69
pzmf,155,54,74
pzmf,155,54,71
pzmf,155,54,73
pzmf,155,54,64
pzmf,155,54,67
pzmf,155,54,70
pzmf,155,54,68
pzmf,155,54,77
pzmf,155,54,66
pzmf,155,54,79
pzmf,155,54,65
pzmf,155,54,72
pzmf,155,54,78
pzmf,155,54,75
pzmf,155,54,83
pzmf,155,54,82
pzmf,155,54,84
pzmf,155,54,80
pzmf,155,54,87
pzmf,155,54,86
pzmf,155,54,81
pzmf,155,54,85
pzmf,155,54,88
pzmf,165,54,9
pzmf,165,54,10
pzmf,165,54,11
pzmf,165,54,13
pzmf,165,54,14
pzmf,165,54,15
pzmf,165,54,12
pzmf,165,54,23
pzmf,165,54,18
pzmf,165,54,21
pzmf,165,54,16
pzmf,165,54,28
pzmf,165,54,19
pzmf,165,54,22
pzmf,165,54,25
pzmf,165,54,31
pzmf,165,54,24
pzmf,165,54,17
pzmf,165,54,29
pzmf,165,54,26
pzmf,165,54,27
pzmf,165,54,20
pzmf,165,54,30
pzmf,165,54,37
pzmf,165,54,46
pzmf,165,54,32
pzmf,165,54,44
pzmf,165,54,39
pzmf,165,54,34
pzmf,165,54,42
pzmf,165,54,35
pzmf,165,54,41
pzmf,165,54,45
pzmf,165,54,38
pzmf,165,54,36
pzmf,165,54,47
pzmf,165,54,40
pzmf,165,54,33
pzmf,165,54,43
pzmf,165,54,53
pzmf,165,54,58
pzmf,165,54,60
pzmf,165,54,55
pzmf,165,54,54
pzmf,165,54,61
pzmf,165,54,51
pzmf,165,54,48
pzmf,165,54,59
pzmf,165,54,57
pzmf,165,54,52
pzmf,165,54,49
pzmf,165,54,62
pzmf,165,54,50
pzmf,165,54,63
pzmf,165,54,56
pzmf,165,54,67
pzmf,165,54,72
pzmf,165,54,65
pzmf,165,54,70
pzmf,165,54,77
pzmf,165,54,71
pzmf,165,54,64
pzmf,165,54,74
pzmf,165,54,66
pzmf,165,54,73
pzmf,165,54,68
pzmf,165,54,75
pzmf,165,54,78
pzmf,165,54,76
pzmf,165,54,79
pzmf,165,54,69
pzmf,165,54,81
pzmf,165,54,88
pzmf,165,54,80
pzmf,165,54,86
pzmf,165,54,83
pzmf,165,54,84
pzmf,165,54,85
pzmf,165,54,82
pzmf,165,54,87
pzmf,163,55,10
pzmf,163,55,11
pzmf,163,55,13
pzmf,163,55,14
pzmf,163,55,15
pzmf,163,55,12
pzmf,163,55,9
pzmf,163,55,17
pzmf,163,55,24
pzmf,163,55,26
pzmf,163,55,31
pzmf,163,55,21
pzmf,163,55,20
pzmf,163,55,30
pzmf,163,55,27
pzmf,163,55,16
pzmf,163,55,25
pzmf,163,55,23
pzmf,163,55,18
pzmf,163,55,28
pzmf,163,55,29
pzmf,163,55,19
pzmf,163,55,22
pzmf,163,55,38
pzmf,163,55,47
pzmf,163,55,33
pzmf,163,55,36
pzmf,163,55,34
pzmf,163,55,43
pzmf,163,55,37
pzmf,163,55,40
pzmf,163,55,46
pzmf,163,55,39
pzmf,163,55,32
pzmf,163,55,44
pzmf,163,55,41
pzmf,163,55,35
pzmf,163,55,42
pzmf,163,55,45
pzmf,163,55,61
pzmf,163,55,52
pzmf,163,55,59
pzmf,163,55,54
pzmf,163,55,49
pzmf,163,55,57
pzmf,163,55,50
pzmf,163,55,56
pzmf,163,55,63
pzmf,163,55,53
pzmf,163,55,60
pzmf,163,55,62
pzmf,163,55,51
pzmf,163,55,55
pzmf,163,55,48
pzmf,163,55,58
pzmf,163,55,75
pzmf,163,55,68
pzmf,163,55,70
pzmf,163,55,73
pzmf,163,55,66
pzmf,163,55,76
pzmf,163,55,74
pzmf,163,55,69
pzmf,163,55,72
pzmf,163,55,67
pzmf,163,55,71
pzmf,163,55,64
pzmf,163,55,65
pzmf,157,55,11
pzmf,157,55,10
pzmf,157,55,9
pzmf,157,55,12
pzmf,157,55,14
pzmf,157,55,15
pzmf,157,55,13
pzmf,157,55,19
pzmf,157,55,24
pzmf,157,55,17
pzmf,157,55,22
pzmf,157,55,28
pzmf,157,55,21
pzmf,157,55,31
pzmf,157,55,18
pzmf,157,55,25
pzmf,157,55,20
pzmf,157,55,27
pzmf,157,55,30
pzmf,157,55,29
pzmf,157,55,16
pzmf,157,55,23
pzmf,157,55,26
pzmf,157,55,47
pzmf,157,55,33
pzmf,157,55,38
pzmf,157,55,45
pzmf,157,55,35
pzmf,157,55,40
pzmf,157,55,37
pzmf,157,55,34
pzmf,157,55,41
pzmf,157,55,44
pzmf,157,55,32
pzmf,157,55,46
pzmf,157,55,36
pzmf,157,55,43
pzmf,157,55,42
pzmf,157,55,39
pzmf,157,55,54
pzmf,157,55,61
pzmf,157,55,56
pzmf,157,55,63
pzmf,157,55,50
pzmf,157,55,51
pzmf,157,55,57
pzmf,157,55,55
pzmf,157,55,60
pzmf,157,55,48
pzmf,157,55,53
pzmf,157,55,58
pzmf,157,55,52
pzmf,157,55,59
pzmf,157,55,62
pzmf,157,55,49
pzmf,157,55,68
pzmf,157,55,66
pzmf,157,55,73
pzmf,157,55,64
pzmf,157,55,67
pzmf,157,55,70
pzmf,157,55,77
pzmf,157,55,76
pzmf,157,55,69
pzmf,157,55,74
pzmf,157,55,71
pzmf,157,55,65
pzmf,157,55,72
pzmf,157,55,79
pzmf,157,55,78
pzmf,157,55,75
pzmf,157,55,83
pzmf,157,55,82
pzmf,157,55,81
pzmf,157,55,84
pzmf,157,55,86
pzmf,157,55,87
pzmf,157,55,85
pzmf,157,55,88
pzmf,157,55,80
pzmf,131,50,15
pzmf,131,52,15
pzmf,131,51,14
pzmf,131,53,9
pzmf,131,48,15
pzmf,131,53,14
pzmf,131,50,13
pzmf,131,52,10
pzmf,131,51,9
pzmf,131,52,13
pzmf,131,51,12
pzmf,131,53,11
pzmf,131,50,11
pzmf,131,52,12
pzmf,131,49,11
pzmf,131,53,12
pzmf,131,48,11
pzmf,131,51,10
pzmf,131,51,13
pzmf,131,50,10
pzmf,131,53,15
pzmf,131,52,9
pzmf,131,49,14
pzmf,131,51,15
pzmf,131,48,14
pzmf,131,50,14
pzmf,131,50,9
pzmf,131,48,12
pzmf,131,49,13
pzmf,131,49,15
pzmf,131,48,9
pzmf,131,49,10
pzmf,131,48,10
pzmf,131,51,11
pzmf,131,52,11
pzmf,131,53,13
pzmf,131,49,12
pzmf,131,49,9
pzmf,131,53,10
pzmf,131,48,13
pzmf,131,50,12
pzmf,131,52,14
pzmf,131,50,29
pzmf,131,53,23
pzmf,131,50,22
pzmf,131,53,16
pzmf,131,53,30
pzmf,131,48,20
pzmf,131,49,30
pzmf,131,51,28
pzmf,131,52,31
pzmf,131,51,25
pzmf,131,48,27
pzmf,131,48,17
pzmf,131,49,23
pzmf,131,50,26
pzmf,131,53,19
pzmf,131,48,24
pzmf,131,49,27
pzmf,131,48,31
pzmf,131,48,21
pzmf,131,52,30
pzmf,131,51,22
pzmf,131,49,29
pzmf,131,51,29
pzmf,131,49,22
pzmf,131,52,16
pzmf,131,48,19
pzmf,131,51,20
pzmf,131,51,27
pzmf,131,52,18
pzmf,131,52,23
pzmf,131,53,27
pzmf,131,50,19
pzmf,131,53,26
pzmf,131,50,18
pzmf,131,49,16
pzmf,131,52,24
pzmf,131,52,17
pzmf,131,51,21
pzmf,131,50,25
pzmf,131,53,20
pzmf,131,48,26
pzmf,131,52,22
pzmf,131,52,29
pzmf,131,51,23
pzmf,131,48,29
pzmf,131,49,21
pzmf,131,50,24
pzmf,131,50,31
pzmf,131,53,21
pzmf,131,48,22
pzmf,131,51,30
pzmf,131,49,28
pzmf,131,49,18
pzmf,131,52,19
pzmf,131,48,25
pzmf,131,52,26
pzmf,131,49,17
pzmf,131,52,25
pzmf,131,51,19
pzmf,131,50,27
pzmf,131,50,20
pzmf,131,53,18
pzmf,131,53,25
pzmf,131,50,17
pzmf,131,53,28
pzmf,131,51,16
pzmf,131,49,24
pzmf,131,50,30
pzmf,131,48,18
pzmf,131,51,26
pzmf,131,48,28
pzmf,131,50,23
pzmf,131,53,17
pzmf,131,53,31
pzmf,131,53,22
pzmf,131,48,30
pzmf,131,52,21
pzmf,131,52,28
pzmf,131,49,20
pzmf,131,49,31
pzmf,131,53,24
pzmf,131,50,21
pzmf,131,50,16
pzmf,131,53,29
pzmf,131,51,17
pzmf,131,49,25
pzmf,131,51,18
pzmf,131,52,20
pzmf,131,49,26
pzmf,131,51,24
pzmf,131,51,31
pzmf,131,48,16
pzmf,131,48,23
pzmf,131,50,28
pzmf,131,52,27
pzmf,131,49,19
pzmf,131,53,37
pzmf,131,53,44
pzmf,131,52,38
pzmf,131,49,44
pzmf,131,50,36
pzmf,131,48,45
pzmf,131,49,33
pzmf,131,52,41
pzmf,131,50,47
pzmf,131,53,41
pzmf,131,51,35
pzmf,131,53,34
pzmf,131,50,40
pzmf,131,50,33
pzmf,131,49,47
pzmf,131,49,40
pzmf,131,51,32
pzmf,131,48,38
pzmf,131,51,46
pzmf,131,49,34
pzmf,131,51,42
pzmf,131,48,34
pzmf,131,52,35
pzmf,131,50,46
pzmf,131,48,41
pzmf,131,52,42
pzmf,131,52,45
pzmf,131,51,39
pzmf,131,50,43
pzmf,131,48,44
pzmf,131,49,37
pzmf,131,49,43
pzmf,131,53,45
pzmf,131,49,36
pzmf,131,52,37
pzmf,131,52,44
pzmf,131,50,44
pzmf,131,50,37
pzmf,131,50,39
pzmf,131,48,40
pzmf,131,53,47
pzmf,131,49,41
pzmf,131,48,39
pzmf,131,48,46
pzmf,131,51,40
pzmf,131,51,47
pzmf,131,48,32
pzmf,131,50,32
pzmf,131,51,41
pzmf,131,53,40
pzmf,131,48,33
pzmf,131,50,38
pzmf,131,53,46
pzmf,131,53,33
pzmf,131,51,34
pzmf,131,49,42
pzmf,131,48,43
pzmf,131,52,43
pzmf,131,49,35
pzmf,131,51,37
pzmf,131,50,45
pzmf,131,53,32
pzmf,131,53,39
pzmf,131,53,42
pzmf,131,49,46
pzmf,131,52,36
pzmf,131,50,34
pzmf,131,51,33
pzmf,131,53,35
pzmf,131,48,47
pzmf,131,53,38
pzmf,131,52,32
pzmf,131,51,36
pzmf,131,48,42
pzmf,131,52,39
pzmf,131,48,37
pzmf,131,52,46
pzmf,131,50,42
pzmf,131,51,38
pzmf,131,49,38
pzmf,131,51,45
pzmf,131,51,43
pzmf,131,48,35
pzmf,131,52,40
pzmf,131,52,33
pzmf,131,52,47
pzmf,131,50,41
pzmf,131,49,39
pzmf,131,52,34
pzmf,131,53,43
pzmf,131,49,45
pzmf,131,53,36
pzmf,131,50,35
pzmf,131,48,36
pzmf,131,49,32
pzmf,131,51,44
pzmf,131,50,50
pzmf,131,52,52
pzmf,131,48,48
pzmf,131,48,55
pzmf,131,51,56
pzmf,131,49,51
pzmf,131,51,53
pzmf,131,52,48
pzmf,131,52,55
pzmf,131,49,54
pzmf,131,53,55
pzmf,131,53,48
pzmf,131,53,54
pzmf,131,51,49
pzmf,131,50,53
pzmf,131,51,52
pzmf,131,53,51
pzmf,131,53,52
pzmf,131,50,51
pzmf,131,52,51
pzmf,131,48,51
pzmf,131,52,49
pzmf,131,48,53
pzmf,131,51,48
pzmf,131,51,54
pzmf,131,52,56
pzmf,131,49,48
pzmf,131,48,52
pzmf,131,49,55
pzmf,131,52,50
pzmf,131,51,51
pzmf,131,48,50
pzmf,131,53,53
pzmf,131,49,56
pzmf,131,49,49
pzmf,131,52,54
pzmf,131,50,52
pzmf,131,48,54
pzmf,131,49,53
pzmf,131,51,55
pzmf,131,49,50
pzmf,131,50,56
pzmf,131,51,50
pzmf,131,48,56
pzmf,131,50,49
pzmf,131,53,50
pzmf,131,50,55
pzmf,131,50,54
pzmf,131,53,49
pzmf,131,49,52
pzmf,131,52,53
pzmf,131,50,48
pzmf,131,48,49
pzmf,131,53,56
pzmf,141,48,11
pzmf,141,50,13
pzmf,141,50,15
pzmf,141,48,13
pzmf,141,48,15
pzmf,141,50,14
pzmf,141,48,9
pzmf,141,50,11
pzmf,141,48,12
pzmf,141,50,12
pzmf,141,48,10
pzmf,141,50,10
pzmf,141,50,9
pzmf,141,48,14
pzmf,141,48,20
pzmf,141,50,25
pzmf,141,50,18
pzmf,141,48,16
pzmf,141,50,21
pzmf,141,48,31
pzmf,141,50,28
pzmf,141,50,16
pzmf,141,48,23
pzmf,141,50,23
pzmf,141,48,24
pzmf,141,50,22
pzmf,141,48,17
pzmf,141,48,30
pzmf,141,50,29
pzmf,141,50,27
pzmf,141,48,18
pzmf,141,50,20
pzmf,141,50,30
pzmf,141,48,29
pzmf,141,50,17
pzmf,141,50,31
pzmf,141,48,28
pzmf,141,48,25
pzmf,141,50,24
pzmf,141,48,22
pzmf,141,48,19
pzmf,141,50,19
pzmf,141,50,26
pzmf,141,48,21
pzmf,141,48,26
pzmf,141,48,27
pzmf,141,48,41
pzmf,141,50,43
pzmf,141,50,36
pzmf,141,48,34
pzmf,141,50,46
pzmf,141,48,44
pzmf,141,48,38
pzmf,141,48,45
pzmf,141,50,47
pzmf,141,50,35
pzmf,141,48,42
pzmf,141,48,36
pzmf,141,48,37
pzmf,141,48,43
pzmf,141,50,42
pzmf,141,50,34
pzmf,141,50,41
pzmf,141,48,32
pzmf,141,48,46
pzmf,141,48,39
pzmf,141,50,44
pzmf,141,48,35
pzmf,141,50,37
pzmf,141,48,33
pzmf,141,48,40
pzmf,141,48,47
pzmf,141,50,40
pzmf,141,50,33
pzmf,141,50,38
pzmf,141,50,45
pzmf,141,50,39
pzmf,141,50,32
pzmf,141,48,55
pzmf,141,48,51
pzmf,141,50,53
pzmf,141,50,50
pzmf,141,48,48
pzmf,141,50,49
pzmf,141,50,54
pzmf,141,48,49
pzmf,141,50,56
pzmf,141,48,50
pzmf,141,48,56
pzmf,141,50,55
pzmf,141,50,48
pzmf,141,48,54
pzmf,141,48,52
pzmf,141,50,51
pzmf,141,50,52
pzmf,141,48,53
pzmf,139,47,12
pzmf,139,47,15
pzmf,139,47,9
pzmf,139,47,13
pzmf,139,47,11
pzmf,139,47,14
pzmf,139,47,10
pzmf,139,47,24
pzmf,139,47,21
pzmf,139,47,31
pzmf,139,47,28
pzmf,139,47,25
pzmf,139,47,27
pzmf,139,47,20
pzmf,139,47,26
pzmf,139,47,22
pzmf,139,47,18
pzmf,139,47,16
pzmf,139,47,29
pzmf,139,47,30
pzmf,139,47,23
pzmf,139,47,17
pzmf,139,47,42
pzmf,139,47,45
pzmf,139,47,35
pzmf,139,47,38
pzmf,139,47,32
pzmf,139,47,41
pzmf,139,47,39
pzmf,139,47,34
pzmf,139,47,46
pzmf,139,47,33
pzmf,139,47,40
pzmf,139,47,47
pzmf,139,47,44
pzmf,139,47,37
pzmf,139,47,36
pzmf,139,47,43
pzmf,139,47,52
pzmf,139,47,59
pzmf,139,47,53
pzmf,139,47,54
pzmf,139,47,51
pzmf,139,47,62
pzmf,139,47,48
pzmf,139,47,55
pzmf,139,47,50
pzmf,139,47,56
pzmf,139,47,77
pzmf,139,47,68
pzmf,139,47,65
pzmf,139,47,71
pzmf,139,47,74
pzmf,139,47,86
pzmf,139,47,83
pzmf,139,47,80
pzmf,141,51,63
pzmf,141,53,58
pzmf,141,49,61
pzmf,141,49,58
pzmf,141,54,61
pzmf,141,51,60
pzmf,141,53,61
pzmf,141,51,59
pzmf,141,53,62
pzmf,141,52,62
pzmf,141,50,60
pzmf,141,52,59
pzmf,141,50,63
pzmf,141,54,58
pzmf,141,50,61
pzmf,141,49,60
pzmf,141,52,60
pzmf,141,52,61
pzmf,141,54,60
pzmf,141,51,58
pzmf,141,49,59
pzmf,141,50,62
pzmf,141,53,63
pzmf,141,54,59
pzmf,141,54,62
pzmf,141,49,63
pzmf,141,49,62
pzmf,141,52,58
pzmf,141,53,59
pzmf,141,51,62
pzmf,141,52,63
pzmf,141,50,59
pzmf,141,50,58
pzmf,141,54,63
pzmf,141,51,61
pzmf,141,53,60
pzmf,141,52,71
pzmf,141,49,77
pzmf,141,52,78
pzmf,141,53,79
pzmf,141,53,72
pzmf,141,52,64
pzmf,141,50,71
pzmf,141,54,78
pzmf,141,51,77
pzmf,141,54,73
pzmf,141,54,64
pzmf,141,49,70
pzmf,141,50,76
pzmf,141,49,68
pzmf,141,52,76
pzmf,141,52,66
pzmf,141,51,72
pzmf,141,53,77
pzmf,141,52,73
pzmf,141,51,65
pzmf,141,51,75
pzmf,141,50,64
pzmf,141,51,70
pzmf,141,53,74
pzmf,141,54,75
pzmf,141,50,74
pzmf,141,50,69
pzmf,141,53,75
pzmf,141,49,73
pzmf,141,52,75
pzmf,141,50,66
pzmf,141,53,68
pzmf,141,49,74
pzmf,141,51,73
pzmf,141,54,77
pzmf,141,54,68
pzmf,141,50,67
pzmf,141,51,76
pzmf,141,52,69
pzmf,141,49,64
pzmf,141,51,69
pzmf,141,54,74
pzmf,141,51,66
pzmf,141,49,67
pzmf,141,53,65
pzmf,141,50,73
pzmf,141,54,71
pzmf,141,51,79
pzmf,141,53,78
pzmf,141,52,72
pzmf,141,54,79
pzmf,141,50,70
pzmf,141,54,72
pzmf,141,53,64
pzmf,141,51,78
pzmf,141,54,65
pzmf,141,49,69
pzmf,141,50,77
pzmf,141,52,70
pzmf,141,52,79
pzmf,141,52,65
pzmf,141,53,71
pzmf,141,54,70
pzmf,141,51,64
pzmf,141,53,66
pzmf,141,50,79
pzmf,141,50,72
pzmf,141,49,71
pzmf,141,49,78
pzmf,141,54,67
pzmf,141,49,76
pzmf,141,52,68
pzmf,141,53,69
pzmf,141,49,66
pzmf,141,51,67
pzmf,141,52,67
pzmf,141,51,74
pzmf,141,54,76
pzmf,141,54,69
pzmf,141,53,76
pzmf,141,53,67
pzmf,141,51,68
pzmf,141,49,65
pzmf,141,52,74
pzmf,141,49,79
pzmf,141,49,75
pzmf,141,53,73
pzmf,141,53,70
pzmf,141,50,75
pzmf,141,50,68
pzmf,141,52,77
pzmf,141,51,71
pzmf,141,54,66
pzmf,141,49,72
pzmf,141,50,65
pzmf,141,50,78
pzmf,141,51,85
pzmf,141,52,85
pzmf,141,49,84
pzmf,141,50,84
pzmf,141,53,86
pzmf,141,53,85
pzmf,141,54,87
pzmf,141,51,86
pzmf,141,49,83
pzmf,141,53,80
pzmf,141,50,85
pzmf,141,54,86
pzmf,141,53,84
pzmf,141,49,86
pzmf,141,52,84
pzmf,141,51,83
pzmf,141,54,85
pzmf,141,52,86
pzmf,141,50,82
pzmf,141,54,80
pzmf,141,51,80
pzmf,141,49,81
pzmf,141,50,87
pzmf,141,53,87
pzmf,141,52,81
pzmf,141,53,82
pzmf,141,50,81
pzmf,141,51,81
pzmf,141,49,80
pzmf,141,54,83
pzmf,141,52,82
pzmf,141,49,87
pzmf,141,50,80
pzmf,141,54,82
pzmf,141,52,83
pzmf,141,51,82
pzmf,141,52,80
pzmf,141,49,82
pzmf,141,51,87
pzmf,141,52,87
pzmf,141,54,81
pzmf,141,53,81
pzmf,141,50,86
pzmf,141,51,84
pzmf,141,49,85
pzmf,141,53,83
pzmf,141,54,84
pzmf,141,50,83
pzmf,186,48,5
pzmf,182,48,5
pzmf,178,48,5
pzmf,185,48,5
pzmf,177,48,5
pzmf,189,48,5
pzmf,191,48,5
pzmf,190,48,5
pzmf,183,48,5
pzmf,176,48,5
pzmf,188,48,5
pzmf,180,48,5
pzmf,184,48,5
pzmf,179,48,5
pzmf,187,48,5
pzmf,181,48,5
pzmf,202,48,5
pzmf,198,48,5
pzmf,206,48,5
pzmf,197,48,5
pzmf,205,48,5
pzmf,196,48,5
pzmf,204,48,5
pzmf,200,48,5
pzmf,203,48,5
pzmf,199,48,5
pzmf,192,48,5
pzmf,207,48,5
pzmf,195,48,5
pzmf,193,48,5
pzmf,201,48,5
pzmf,194,48,5
pzmf,214,48,5
pzmf,218,48,5
pzmf,221,48,5
pzmf,213,48,5
pzmf,210,48,5
pzmf,217,48,5
pzmf,211,48,5
pzmf,219,48,5
pzmf,212,48,5
pzmf,216,48,5
pzmf,220,48,5
pzmf,223,48,5
pzmf,209,48,5
pzmf,222,48,5
pzmf,215,48,5
pzmf,208,48,5
pzmf,238,48,5
pzmf,234,48,5
pzmf,225,48,5
pzmf,226,48,5
pzmf,233,48,5
pzmf,232,48,5
pzmf,231,48,5
pzmf,227,48,5
pzmf,235,48,5
pzmf,239,48,5
pzmf,228,48,5
pzmf,224,48,5
pzmf,237,48,5
pzmf,236,48,5
pzmf,230,48,5
pzmf,229,48,5
pzmf,241,48,5
pzmf,240,48,5
pzmf,185,48,-5
pzmf,181,48,-5
pzmf,189,48,-5
pzmf,180,48,-5
pzmf,188,48,-5
pzmf,183,48,-5
pzmf,187,48,-5
pzmf,186,48,-5
pzmf,182,48,-5
pzmf,179,48,-5
pzmf,178,48,-5
pzmf,190,48,-5
pzmf,176,48,-5
pzmf,184,48,-5
pzmf,177,48,-5
pzmf,191,48,-5
pzmf,201,48,-5
pzmf,197,48,-5
pzmf,196,48,-5
pzmf,204,48,-5
pzmf,193,48,-5
pzmf,200,48,-5
pzmf,194,48,-5
pzmf,202,48,-5
pzmf,195,48,-5
pzmf,199,48,-5
pzmf,203,48,-5
pzmf,207,48,-5
pzmf,192,48,-5
pzmf,206,48,-5
pzmf,205,48,-5
pzmf,198,48,-5
pzmf,217,48,-5
pzmf,221,48,-5
pzmf,208,48,-5
pzmf,223,48,-5
pzmf,209,48,-5
pzmf,216,48,-5
pzmf,215,48,-5
pzmf,211,48,-5
pzmf,222,48,-5
pzmf,218,48,-5
pzmf,214,48,-5
pzmf,210,48,-5
pzmf,213,48,-5
pzmf,219,48,-5
pzmf,220,48,-5
pzmf,212,48,-5
pzmf,224,48,-5
pzmf,229,48,-5
pzmf,228,48,-5
pzmf,236,48,-5
pzmf,232,48,-5
pzmf,225,48,-5
pzmf,231,48,-5
pzmf,230,48,-5
pzmf,237,48,-5
pzmf,238,48,-5
pzmf,235,48,-5
pzmf,239,48,-5
pzmf,233,48,-5
pzmf,226,48,-5
pzmf,227,48,-5
pzmf,234,48,-5
pzmf,240,48,-5
pzmf,244,48,-5
pzmf,245,48,-5
pzmf,242,48,-5
pzmf,243,48,-5
pzmf,241,48,-5
pzmf,191,51,-6
pzmf,179,51,-6
pzmf,188,51,-6
pzmf,186,51,-6
pzmf,180,51,-6
pzmf,187,51,-6
pzmf,177,51,-6
pzmf,182,51,-6
pzmf,189,51,-6
pzmf,181,51,-6
pzmf,178,51,-6
pzmf,185,51,-6
pzmf,184,51,-6
pzmf,190,51,-6
pzmf,183,51,-6
pzmf,176,51,-6
pzmf,176,51,6
pzmf,180,51,6
pzmf,188,51,6
pzmf,184,51,6
pzmf,177,51,6
pzmf,189,51,6
pzmf,191,51,6
pzmf,190,51,6
pzmf,183,51,6
pzmf,186,51,6
pzmf,178,51,6
pzmf,182,51,6
pzmf,181,51,6
pzmf,185,51,6
pzmf,187,51,6
pzmf,179,51,6
pzmf,207,51,-6
pzmf,195,51,-6
pzmf,192,51,-6
pzmf,196,51,-6
pzmf,203,51,-6
pzmf,199,51,-6
pzmf,200,51,-6
pzmf,202,51,-6
pzmf,194,51,-6
pzmf,201,51,-6
pzmf,205,51,-6
pzmf,197,51,-6
pzmf,193,51,-6
pzmf,206,51,-6
pzmf,198,51,-6
pzmf,204,51,-6
pzmf,200,51,6
pzmf,196,51,6
pzmf,192,51,6
pzmf,199,51,6
pzmf,203,51,6
pzmf,205,51,6
pzmf,204,51,6
pzmf,197,51,6
pzmf,194,51,6
pzmf,202,51,6
pzmf,198,51,6
pzmf,206,51,6
pzmf,195,51,6
pzmf,193,51,6
pzmf,207,51,6
pzmf,201,51,6
pzmf,223,51,-6
pzmf,219,51,-6
pzmf,215,51,-6
pzmf,211,51,-6
pzmf,216,51,-6
pzmf,214,51,-6
pzmf,222,51,-6
pzmf,208,51,-6
pzmf,221,51,-6
pzmf,213,51,-6
pzmf,209,51,-6
pzmf,210,51,-6
pzmf,217,51,-6
pzmf,220,51,-6
pzmf,212,51,-6
pzmf,218,51,-6
pzmf,212,51,6
pzmf,216,51,6
pzmf,220,51,6
pzmf,218,51,6
pzmf,219,51,6
pzmf,211,51,6
pzmf,214,51,6
pzmf,221,51,6
pzmf,210,51,6
pzmf,217,51,6
pzmf,213,51,6
pzmf,209,51,6
pzmf,223,51,6
pzmf,208,51,6
pzmf,222,51,6
pzmf,215,51,6
pzmf,227,51,-6
pzmf,231,51,-6
pzmf,235,51,-6
pzmf,239,51,-6
pzmf,228,51,-6
pzmf,224,51,-6
pzmf,236,51,-6
pzmf,230,51,-6
pzmf,238,51,-6
pzmf,229,51,-6
pzmf,225,51,-6
pzmf,233,51,-6
pzmf,237,51,-6
pzmf,232,51,-6
pzmf,234,51,-6
pzmf,226,51,-6
pzmf,232,51,6
pzmf,239,51,6
pzmf,228,51,6
pzmf,227,51,6
pzmf,235,51,6
pzmf,224,51,6
pzmf,231,51,6
pzmf,225,51,6
pzmf,233,51,6
pzmf,226,51,6
pzmf,238,51,6
pzmf,234,51,6
pzmf,236,51,6
pzmf,237,51,6
pzmf,229,51,6
pzmf,230,51,6
pzmf,247,51,-6
pzmf,255,51,-6
pzmf,243,51,-6
pzmf,242,51,-6
pzmf,252,51,-6
pzmf,250,51,-6
pzmf,244,51,-6
pzmf,251,51,-6
pzmf,245,51,-6
pzmf,241,51,-6
pzmf,253,51,-6
pzmf,249,51,-6
pzmf,240,51,-6
pzmf,246,51,-6
pzmf,254,51,-6
pzmf,248,51,-6
pzmf,255,51,6
pzmf,252,51,6
pzmf,248,51,6
pzmf,240,51,6
pzmf,254,51,6
pzmf,247,51,6
pzmf,241,51,6
pzmf,242,51,6
pzmf,245,51,6
pzmf,246,51,6
pzmf,249,51,6
pzmf,253,51,6
pzmf,250,51,6
pzmf,251,51,6
pzmf,244,51,6
pzmf,243,51,6
pzmf,189,54,-5
pzmf,177,54,-5
pzmf,178,54,-5
pzmf,181,54,-5
pzmf,185,54,-5
pzmf,186,54,-5
pzmf,179,54,-5
pzmf,180,54,-5
pzmf,187,54,-5
pzmf,191,54,-5
pzmf,188,54,-5
pzmf,182,54,-5
pzmf,184,54,-5
pzmf,190,54,-5
pzmf,183,54,-5
pzmf,176,54,-5
pzmf,187,54,5
pzmf,191,54,5
pzmf,176,54,5
pzmf,183,54,5
pzmf,182,54,5
pzmf,190,54,5
pzmf,189,54,5
pzmf,184,54,5
pzmf,181,54,5
pzmf,188,54,5
pzmf,180,54,5
pzmf,177,54,5
pzmf,186,54,5
pzmf,185,54,5
pzmf,179,54,5
pzmf,178,54,5
pzmf,205,54,-5
pzmf,193,54,-5
pzmf,206,54,-5
pzmf,202,54,-5
pzmf,200,54,-5
pzmf,201,54,-5
pzmf,194,54,-5
pzmf,195,54,-5
pzmf,207,54,-5
pzmf,196,54,-5
pzmf,199,54,-5
pzmf,203,54,-5
pzmf,192,54,-5
pzmf,204,54,-5
pzmf,198,54,-5
pzmf,197,54,-5
pzmf,206,54,5
pzmf,194,54,5
pzmf,195,54,5
pzmf,198,54,5
pzmf,202,54,5
pzmf,203,54,5
pzmf,197,54,5
pzmf,196,54,5
pzmf,204,54,5
pzmf,192,54,5
pzmf,205,54,5
pzmf,201,54,5
pzmf,199,54,5
pzmf,207,54,5
pzmf,200,54,5
pzmf,193,54,5
pzmf,213,54,-5
pzmf,221,54,-5
pzmf,209,54,-5
pzmf,210,54,-5
pzmf,217,54,-5
pzmf,222,54,-5
pzmf,214,54,-5
pzmf,216,54,-5
pzmf,215,54,-5
pzmf,208,54,-5
pzmf,219,54,-5
pzmf,223,54,-5
pzmf,211,54,-5
pzmf,218,54,-5
pzmf,212,54,-5
pzmf,220,54,-5
pzmf,222,54,5
pzmf,210,54,5
pzmf,223,54,5
pzmf,217,54,5
pzmf,219,54,5
pzmf,218,54,5
pzmf,211,54,5
pzmf,212,54,5
pzmf,208,54,5
pzmf,213,54,5
pzmf,216,54,5
pzmf,220,54,5
pzmf,209,54,5
pzmf,221,54,5
pzmf,215,54,5
pzmf,214,54,5
pzmf,229,54,-5
pzmf,225,54,-5
pzmf,233,54,-5
pzmf,237,54,-5
pzmf,230,54,-5
pzmf,228,54,-5
pzmf,238,54,-5
pzmf,236,54,-5
pzmf,231,54,-5
pzmf,227,54,-5
pzmf,235,54,-5
pzmf,239,54,-5
pzmf,224,54,-5
pzmf,226,54,-5
pzmf,232,54,-5
pzmf,234,54,-5
pzmf,230,54,5
pzmf,238,54,5
pzmf,226,54,5
pzmf,227,54,5
pzmf,234,54,5
pzmf,239,54,5
pzmf,231,54,5
pzmf,233,54,5
pzmf,232,54,5
pzmf,225,54,5
pzmf,228,54,5
pzmf,236,54,5
pzmf,224,54,5
pzmf,235,54,5
pzmf,229,54,5
pzmf,237,54,5
pzmf,245,54,-5
pzmf,253,54,-5
pzmf,241,54,-5
pzmf,249,54,-5
pzmf,244,54,-5
pzmf,252,54,-5
pzmf,250,54,-5
pzmf,251,54,-5
pzmf,243,54,-5
pzmf,255,54,-5
pzmf,242,54,-5
pzmf,246,54,-5
pzmf,248,54,-5
pzmf,254,54,-5
pzmf,247,54,-5
pzmf,240,54,-5
pzmf,250,54,5
pzmf,254,54,5
pzmf,246,54,5
pzmf,242,54,5
pzmf,247,54,5
pzmf,255,54,5
pzmf,245,54,5
pzmf,253,54,5
pzmf,248,54,5
pzmf,252,54,5
pzmf,244,54,5
pzmf,240,54,5
pzmf,241,54,5
pzmf,249,54,5
pzmf,251,54,5
pzmf,243,54,5
pzmf,189,55,-2
pzmf,177,55,-2
pzmf,190,55,-2
pzmf,184,55,-2
pzmf,186,55,-2
pzmf,185,55,-2
pzmf,178,55,-2
pzmf,191,55,-2
pzmf,179,55,-2
pzmf,183,55,-2
pzmf,180,55,-2
pzmf,187,55,-2
pzmf,176,55,-2
pzmf,182,55,-2
pzmf,188,55,-2
pzmf,181,55,-2
pzmf,205,55,-2
pzmf,197,55,-2
pzmf,193,55,-2
pzmf,194,55,-2
pzmf,201,55,-2
pzmf,198,55,-2
pzmf,206,55,-2
pzmf,200,55,-2
pzmf,199,55,-2
pzmf,192,55,-2
pzmf,203,55,-2
pzmf,207,55,-2
pzmf,195,55,-2
pzmf,204,55,-2
pzmf,196,55,-2
pzmf,202,55,-2
pzmf,213,55,-2
pzmf,221,55,-2
pzmf,209,55,-2
pzmf,220,55,-2
pzmf,214,55,-2
pzmf,212,55,-2
pzmf,222,55,-2
pzmf,215,55,-2
pzmf,219,55,-2
pzmf,223,55,-2
pzmf,211,55,-2
pzmf,208,55,-2
pzmf,218,55,-2
pzmf,216,55,-2
pzmf,210,55,-2
pzmf,217,55,-2
pzmf,229,55,-2
pzmf,237,55,-2
pzmf,225,55,-2
pzmf,233,55,-2
pzmf,236,55,-2
pzmf,228,55,-2
pzmf,234,55,-2
pzmf,235,55,-2
pzmf,231,55,-2
pzmf,227,55,-2
pzmf,239,55,-2
pzmf,226,55,-2
pzmf,224,55,-2
pzmf,230,55,-2
pzmf,238,55,-2
pzmf,232,55,-2
pzmf,241,55,-2
pzmf,240,55,-2
pzmf,242,55,-2
pzmf,243,55,-2
pzmf,188,55,2
pzmf,184,55,2
pzmf,176,55,2
pzmf,180,55,2
pzmf,177,55,2
pzmf,185,55,2
pzmf,187,55,2
pzmf,179,55,2
pzmf,186,55,2
pzmf,182,55,2
pzmf,190,55,2
pzmf,178,55,2
pzmf,189,55,2
pzmf,183,55,2
pzmf,181,55,2
pzmf,191,55,2
pzmf,200,55,2
pzmf,196,55,2
pzmf,204,55,2
pzmf,192,55,2
pzmf,199,55,2
pzmf,201,55,2
pzmf,193,55,2
pzmf,207,55,2
pzmf,198,55,2
pzmf,202,55,2
pzmf,206,55,2
pzmf,194,55,2
pzmf,197,55,2
pzmf,195,55,2
pzmf,205,55,2
pzmf,203,55,2
pzmf,208,55,2
pzmf,216,55,2
pzmf,212,55,2
pzmf,220,55,2
pzmf,209,55,2
pzmf,213,55,2
pzmf,215,55,2
pzmf,223,55,2
pzmf,221,55,2
pzmf,214,55,2
pzmf,222,55,2
pzmf,210,55,2
pzmf,217,55,2
pzmf,219,55,2
pzmf,218,55,2
pzmf,211,55,2
pzmf,228,55,2
pzmf,224,55,2
pzmf,227,55,2
pzmf,237,55,2
pzmf,235,55,2
pzmf,236,55,2
pzmf,229,55,2
pzmf,230,55,2
pzmf,226,55,2
pzmf,238,55,2
pzmf,234,55,2
pzmf,231,55,2
pzmf,233,55,2
pzmf,232,55,2
pzmf,225,55,2
ds,155,48,-49
ds,155,48,-42
ds,155,48,-35
ds,155,48,-40
ds,155,48,-47
ds,155,48,-37
ds,155,48,-38
ds,155,48,-45
ds,155,48,-44
ds,155,48,-41
ds,155,48,-34
ds,155,48,-48
ds,155,48,-39
ds,155,48,-33
ds,155,48,-43
ds,155,48,-36
ds,155,48,-46
ds,155,48,-21
ds,155,48,-26
ds,155,48,-19
ds,155,48,-24
ds,155,48,-31
ds,155,48,-18
ds,155,48,-25
ds,155,48,-28
ds,155,48,-27
ds,155,48,-20
ds,155,48,-22
ds,155,48,-29
ds,155,48,-32
ds,155,48,-30
ds,155,48,-17
ds,155,48,-23
ds,155,48,-13
ds,155,48,-12
ds,155,48,-11
ds,155,48,-14
ds,155,48,-9
ds,155,48,-16
ds,155,48,-15
ds,155,48,-10
ds,154,50,-49
ds,154,50,-50
ds,154,50,-33
ds,154,50,-40
ds,154,50,-47
ds,154,50,-35
ds,154,50,-42
ds,154,50,-45
ds,154,50,-43
ds,154,50,-39
ds,154,50,-46
ds,154,50,-36
ds,154,50,-48
ds,154,50,-34
ds,154,50,-37
ds,154,50,-44
ds,154,50,-38
ds,154,50,-41
ds,154,50,-19
ds,154,50,-26
ds,154,50,-17
ds,154,50,-24
ds,154,50,-30
ds,154,50,-29
ds,154,50,-23
ds,154,50,-20
ds,154,50,-25
ds,154,50,-27
ds,154,50,-32
ds,154,50,-22
ds,154,50,-21
ds,154,50,-28
ds,154,50,-31
ds,154,50,-18
ds,154,50,-12
ds,154,50,-11
ds,154,50,-9
ds,154,50,-14
ds,154,50,-15
ds,154,50,-16
ds,154,50,-10
ds,154,50,-13
ds,154,52,-50
ds,154,52,-49
ds,154,52,-40
ds,154,52,-33
ds,154,52,-38
ds,154,52,-35
ds,154,52,-44
ds,154,52,-37
ds,154,52,-34
ds,154,52,-47
ds,154,52,-41
ds,154,52,-46
ds,154,52,-48
ds,154,52,-43
ds,154,52,-36
ds,154,52,-45
ds,154,52,-42
ds,154,52,-39
ds,154,52,-26
ds,154,52,-19
ds,154,52,-17
ds,154,52,-28
ds,154,52,-31
ds,154,52,-24
ds,154,52,-21
ds,154,52,-32
ds,154,52,-18
ds,154,52,-27
ds,154,52,-20
ds,154,52,-30
ds,154,52,-25
ds,154,52,-29
ds,154,52,-22
ds,154,52,-23
ds,154,52,-11
ds,154,52,-10
ds,154,52,-12
ds,154,52,-15
ds,154,52,-14
ds,154,52,-9
ds,154,52,-13
ds,154,52,-16
ds,155,54,-50
ds,155,54,-49
ds,155,54,-40
ds,155,54,-45
ds,155,54,-42
ds,155,54,-47
ds,155,54,-44
ds,155,54,-35
ds,155,54,-48
ds,155,54,-41
ds,155,54,-38
ds,155,54,-39
ds,155,54,-34
ds,155,54,-37
ds,155,54,-43
ds,155,54,-36
ds,155,54,-33
ds,155,54,-46
ds,155,54,-17
ds,155,54,-26
ds,155,54,-31
ds,155,54,-19
ds,155,54,-24
ds,155,54,-29
ds,155,54,-28
ds,155,54,-21
ds,155,54,-22
ds,155,54,-25
ds,155,54,-18
ds,155,54,-32
ds,155,54,-27
ds,155,54,-30
ds,155,54,-23
ds,155,54,-20
ds,155,54,-10
ds,155,54,-16
ds,155,54,-9
ds,155,54,-11
ds,155,54,-14
ds,155,54,-13
ds,155,54,-12
ds,155,54,-15
ds,157,55,-39
ds,157,55,-37
ds,157,55,-35
ds,157,55,-34
ds,157,55,-41
ds,157,55,-44
ds,157,55,-33
ds,157,55,-38
ds,157,55,-40
ds,157,55,-45
ds,157,55,-42
ds,157,55,-43
ds,157,55,-36
ds,157,55,-32
ds,157,55,-25
ds,157,55,-30
ds,157,55,-27
ds,157,55,-21
ds,157,55,-28
ds,157,55,-31
ds,157,55,-18
ds,157,55,-17
ds,157,55,-24
ds,157,55,-19
ds,157,55,-22
ds,157,55,-20
ds,157,55,-29
ds,157,55,-23
ds,157,55,-26
ds,157,55,-11
ds,157,55,-16
ds,157,55,-12
ds,157,55,-9
ds,157,55,-14
ds,157,55,-15
ds,157,55,-13
ds,157,55,-10
ds,163,55,-51
ds,163,55,-49
ds,163,55,-50
ds,163,55,-48
ds,163,55,-34
ds,163,55,-39
ds,163,55,-46
ds,163,55,-36
ds,163,55,-41
ds,163,55,-38
ds,163,55,-35
ds,163,55,-42
ds,163,55,-45
ds,163,55,-33
ds,163,55,-40
ds,163,55,-47
ds,163,55,-44
ds,163,55,-37
ds,163,55,-43
ds,163,55,-20
ds,163,55,-25
ds,163,55,-18
ds,163,55,-23
ds,163,55,-22
ds,163,55,-29
ds,163,55,-32
ds,163,55,-19
ds,163,55,-26
ds,163,55,-28
ds,163,55,-21
ds,163,55,-31
ds,163,55,-30
ds,163,55,-17
ds,163,55,-24
ds,163,55,-27
ds,163,55,-11
ds,163,55,-12
ds,163,55,-10
ds,163,55,-13
ds,163,55,-15
ds,163,55,-16
ds,163,55,-9
ds,163,55,-14
ds,165,54,-49
ds,165,54,-51
ds,165,54,-50
ds,165,54,-52
ds,165,54,-35
ds,165,54,-40
ds,165,54,-33
ds,165,54,-38
ds,165,54,-44
ds,165,54,-37
ds,165,54,-47
ds,165,54,-34
ds,165,54,-41
ds,165,54,-48
ds,165,54,-36
ds,165,54,-43
ds,165,54,-46
ds,165,54,-45
ds,165,54,-39
ds,165,54,-42
ds,165,54,-26
ds,165,54,-28
ds,165,54,-30
ds,165,54,-17
ds,165,54,-31
ds,165,54,-21
ds,165,54,-24
ds,165,54,-27
ds,165,54,-18
ds,165,54,-25
ds,165,54,-20
ds,165,54,-23
ds,165,54,-22
ds,165,54,-32
ds,165,54,-19
ds,165,54,-29
ds,165,54,-12
ds,165,54,-13
ds,165,54,-10
ds,165,54,-15
ds,165,54,-9
ds,165,54,-16
ds,165,54,-14
ds,165,54,-11
ds,166,52,-49
ds,166,52,-51
ds,166,52,-56
ds,166,52,-55
ds,166,52,-52
ds,166,52,-50
ds,166,52,-53
ds,166,52,-54
ds,166,52,-35
ds,166,52,-42
ds,166,52,-33
ds,166,52,-39
ds,166,52,-46
ds,166,52,-45
ds,166,52,-36
ds,166,52,-41
ds,166,52,-48
ds,166,52,-38
ds,166,52,-43
ds,166,52,-40
ds,166,52,-37
ds,166,52,-44
ds,166,52,-47
ds,166,52,-34
ds,166,52,-21
ds,166,52,-28
ds,166,52,-30
ds,166,52,-32
ds,166,52,-23
ds,166,52,-19
ds,166,52,-26
ds,166,52,-29
ds,166,52,-22
ds,166,52,-27
ds,166,52,-20
ds,166,52,-25
ds,166,52,-17
ds,166,52,-24
ds,166,52,-31
ds,166,52,-18
ds,166,52,-13
ds,166,52,-14
ds,166,52,-12
ds,166,52,-15
ds,166,52,-10
ds,166,52,-9
ds,166,52,-11
ds,166,52,-16
ds,166,50,-51
ds,166,50,-54
ds,166,50,-52
ds,166,50,-50
ds,166,50,-55
ds,166,50,-53
ds,166,50,-49
ds,166,50,-56
ds,166,50,-35
ds,166,50,-44
ds,166,50,-42
ds,166,50,-37
ds,166,50,-47
ds,166,50,-48
ds,166,50,-38
ds,166,50,-41
ds,166,50,-43
ds,166,50,-36
ds,166,50,-34
ds,166,50,-45
ds,166,50,-40
ds,166,50,-33
ds,166,50,-39
ds,166,50,-46
ds,166,50,-21
ds,166,50,-30
ds,166,50,-32
ds,166,50,-19
ds,166,50,-25
ds,166,50,-18
ds,166,50,-31
ds,166,50,-28
ds,166,50,-22
ds,166,50,-29
ds,166,50,-24
ds,166,50,-27
ds,166,50,-26
ds,166,50,-17
ds,166,50,-20
ds,166,50,-23
ds,166,50,-15
ds,166,50,-16
ds,166,50,-9
ds,166,50,-14
ds,166,50,-11
ds,166,50,-12
ds,166,50,-13
ds,166,50,-10
ds,165,48,-53
ds,165,48,-56
ds,165,48,-51
ds,165,48,-54
ds,165,48,-50
ds,165,48,-52
ds,165,48,-55
ds,165,48,-49
ds,165,48,-44
ds,165,48,-37
ds,165,48,-46
ds,165,48,-35
ds,165,48,-41
ds,165,48,-34
ds,165,48,-40
ds,165,48,-47
ds,165,48,-36
ds,165,48,-45
ds,165,48,-43
ds,165,48,-38
ds,165,48,-33
ds,165,48,-48
ds,165,48,-39
ds,165,48,-42
ds,165,48,-30
ds,165,48,-23
ds,165,48,-28
ds,165,48,-25
ds,165,48,-18
ds,165,48,-27
ds,165,48,-21
ds,165,48,-24
ds,165,48,-22
ds,165,48,-31
ds,165,48,-17
ds,165,48,-20
ds,165,48,-26
ds,165,48,-19
ds,165,48,-32
ds,165,48,-29
ds,165,48,-16
ds,165,48,-9
ds,165,48,-10
ds,165,48,-15
ds,165,48,-12
ds,165,48,-13
ds,165,48,-14
ds,165,48,-11
ds,165,48,13
ds,165,48,14
ds,165,48,11
ds,165,48,10
ds,165,48,9
ds,165,48,15
ds,165,48,12
ds,165,48,28
ds,165,48,19
ds,165,48,26
ds,165,48,16
ds,165,48,21
ds,165,48,31
ds,165,48,18
ds,165,48,22
ds,165,48,25
ds,165,48,27
ds,165,48,29
ds,165,48,17
ds,165,48,24
ds,165,48,23
ds,165,48,20
ds,165,48,30
ds,165,48,35
ds,165,48,42
ds,165,48,37
ds,165,48,44
ds,165,48,47
ds,165,48,45
ds,165,48,32
ds,165,48,38
ds,165,48,36
ds,165,48,41
ds,165,48,34
ds,165,48,39
ds,165,48,46
ds,165,48,33
ds,165,48,40
ds,165,48,43
ds,165,48,49
ds,165,48,63
ds,165,48,54
ds,165,48,51
ds,165,48,58
ds,165,48,61
ds,165,48,48
ds,165,48,50
ds,165,48,55
ds,165,48,62
ds,165,48,52
ds,165,48,57
ds,165,48,53
ds,165,48,60
ds,165,48,59
ds,165,48,56
ds,165,48,72
ds,165,48,77
ds,165,48,65
ds,165,48,70
ds,165,48,67
ds,165,48,68
ds,165,48,74
ds,165,48,64
ds,165,48,71
ds,165,48,78
ds,165,48,73
ds,165,48,75
ds,165,48,69
ds,165,48,76
ds,165,48,66
ds,165,48,79
ds,165,48,85
ds,165,48,86
ds,165,48,80
ds,165,48,83
ds,165,48,88
ds,165,48,82
ds,165,48,81
ds,165,48,84
ds,165,48,87
ds,154,50,10
ds,154,50,11
ds,154,50,12
ds,154,50,9
ds,154,50,14
ds,154,50,15
ds,154,50,13
ds,154,50,16
ds,154,50,25
ds,154,50,30
ds,154,50,27
ds,154,50,29
ds,154,50,20
ds,154,50,26
ds,154,50,23
ds,154,50,17
ds,154,50,24
ds,154,50,19
ds,154,50,22
ds,154,50,28
ds,154,50,21
ds,154,50,18
ds,154,50,31
ds,154,50,32
ds,154,50,46
ds,154,50,37
ds,154,50,35
ds,154,50,42
ds,154,50,36
ds,154,50,39
ds,154,50,38
ds,154,50,45
ds,154,50,33
ds,154,50,40
ds,154,50,43
ds,154,50,34
ds,154,50,41
ds,154,50,47
ds,154,50,44
ds,154,50,60
ds,154,50,51
ds,154,50,58
ds,154,50,48
ds,154,50,53
ds,154,50,49
ds,154,50,56
ds,154,50,55
ds,154,50,62
ds,154,50,52
ds,154,50,59
ds,154,50,61
ds,154,50,63
ds,154,50,50
ds,154,50,54
ds,154,50,57
ds,154,50,67
ds,154,50,74
ds,154,50,69
ds,154,50,76
ds,154,50,79
ds,154,50,78
ds,154,50,65
ds,154,50,72
ds,154,50,75
ds,154,50,68
ds,154,50,73
ds,154,50,66
ds,154,50,71
ds,154,50,70
ds,154,50,77
ds,154,50,64
ds,154,50,81
ds,154,50,82
ds,154,50,87
ds,154,50,84
ds,154,50,85
ds,154,50,86
ds,154,50,83
ds,154,50,88
ds,154,50,80
ds,166,50,14
ds,166,50,15
ds,166,50,9
ds,166,50,12
ds,166,50,11
ds,166,50,10
ds,166,50,13
ds,166,50,28
ds,166,50,30
ds,166,50,25
ds,166,50,18
ds,166,50,24
ds,166,50,31
ds,166,50,21
ds,166,50,29
ds,166,50,20
ds,166,50,27
ds,166,50,22
ds,166,50,17
ds,166,50,19
ds,166,50,16
ds,166,50,23
ds,166,50,26
ds,166,50,42
ds,166,50,37
ds,166,50,40
ds,166,50,35
ds,166,50,47
ds,166,50,34
ds,166,50,41
ds,166,50,44
ds,166,50,43
ds,166,50,36
ds,166,50,38
ds,166,50,45
ds,166,50,32
ds,166,50,33
ds,166,50,46
ds,166,50,39
ds,166,50,51
ds,166,50,56
ds,166,50,63
ds,166,50,53
ds,166,50,58
ds,166,50,61
ds,166,50,54
ds,166,50,60
ds,166,50,57
ds,166,50,50
ds,166,50,48
ds,166,50,55
ds,166,50,52
ds,166,50,59
ds,166,50,62
ds,166,50,49
ds,166,50,79
ds,166,50,65
ds,166,50,72
ds,166,50,74
ds,166,50,76
ds,166,50,70
ds,166,50,77
ds,166,50,67
ds,166,50,78
ds,166,50,64
ds,166,50,73
ds,166,50,71
ds,166,50,66
ds,166,50,68
ds,166,50,69
ds,166,50,75
ds,166,50,86
ds,166,50,87
ds,166,50,81
ds,166,50,84
ds,166,50,83
ds,166,50,82
ds,166,50,88
ds,166,50,85
ds,166,50,80
ds,154,52,10
ds,154,52,9
ds,154,52,11
ds,154,52,14
ds,154,52,13
ds,154,52,12
ds,154,52,15
ds,154,52,25
ds,154,52,18
ds,154,52,16
ds,154,52,28
ds,154,52,21
ds,154,52,22
ds,154,52,17
ds,154,52,31
ds,154,52,26
ds,154,52,19
ds,154,52,24
ds,154,52,29
ds,154,52,27
ds,154,52,23
ds,154,52,30
ds,154,52,20
ds,154,52,32
ds,154,52,46
ds,154,52,39
ds,154,52,34
ds,154,52,37
ds,154,52,44
ds,154,52,35
ds,154,52,41
ds,154,52,38
ds,154,52,40
ds,154,52,45
ds,154,52,42
ds,154,52,47
ds,154,52,43
ds,154,52,36
ds,154,52,33
ds,154,52,53
ds,154,52,62
ds,154,52,55
ds,154,52,60
ds,154,52,57
ds,154,52,58
ds,154,52,48
ds,154,52,51
ds,154,52,61
ds,154,52,54
ds,154,52,52
ds,154,52,50
ds,154,52,49
ds,154,52,63
ds,154,52,59
ds,154,52,56
ds,154,52,76
ds,154,52,67
ds,154,52,78
ds,154,52,65
ds,154,52,64
ds,154,52,71
ds,154,52,77
ds,154,52,74
ds,154,52,68
ds,154,52,75
ds,154,52,70
ds,154,52,73
ds,154,52,79
ds,154,52,72
ds,154,52,66
ds,154,52,69
ds,154,52,82
ds,154,52,81
ds,154,52,88
ds,154,52,83
ds,154,52,86
ds,154,52,80
ds,154,52,85
ds,154,52,84
ds,154,52,87
ds,166,52,15
ds,166,52,9
ds,166,52,14
ds,166,52,11
ds,166,52,12
ds,166,52,13
ds,166,52,10
ds,166,52,30
ds,166,52,23
ds,166,52,21
ds,166,52,16
ds,166,52,26
ds,166,52,27
ds,166,52,17
ds,166,52,20
ds,166,52,22
ds,166,52,31
ds,166,52,24
ds,166,52,29
ds,166,52,19
ds,166,52,18
ds,166,52,28
ds,166,52,25
ds,166,52,44
ds,166,52,37
ds,166,52,42
ds,166,52,39
ds,166,52,32
ds,166,52,33
ds,166,52,40
ds,166,52,46
ds,166,52,43
ds,166,52,45
ds,166,52,36
ds,166,52,34
ds,166,52,47
ds,166,52,41
ds,166,52,35
ds,166,52,38
ds,166,52,51
ds,166,52,58
ds,166,52,60
ds,166,52,62
ds,166,52,63
ds,166,52,49
ds,166,52,53
ds,166,52,56
ds,166,52,59
ds,166,52,57
ds,166,52,50
ds,166,52,52
ds,166,52,55
ds,166,52,48
ds,166,52,54
ds,166,52,61
ds,166,52,72
ds,166,52,67
ds,166,52,70
ds,166,52,65
ds,166,52,69
ds,166,52,76
ds,166,52,79
ds,166,52,73
ds,166,52,66
ds,166,52,75
ds,166,52,68
ds,166,52,78
ds,166,52,77
ds,166,52,71
ds,166,52,64
ds,166,52,74
ds,166,52,80
ds,166,52,81
ds,166,52,86
ds,166,52,88
ds,166,52,83
ds,166,52,84
ds,166,52,85
ds,166,52,82
ds,166,52,87
ds,155,48,9
ds,155,48,15
ds,155,48,10
ds,155,48,14
ds,155,48,12
ds,155,48,11
ds,155,48,13
ds,155,48,23
ds,155,48,16
ds,155,48,25
ds,155,48,30
ds,155,48,27
ds,155,48,28
ds,155,48,18
ds,155,48,31
ds,155,48,21
ds,155,48,24
ds,155,48,22
ds,155,48,17
ds,155,48,20
ds,155,48,19
ds,155,48,29
ds,155,48,26
ds,155,48,37
ds,155,48,46
ds,155,48,32
ds,155,48,35
ds,155,48,41
ds,155,48,34
ds,155,48,47
ds,155,48,44
ds,155,48,45
ds,155,48,38
ds,155,48,43
ds,155,48,40
ds,155,48,42
ds,155,48,33
ds,155,48,36
ds,155,48,39
ds,155,48,60
ds,155,48,51
ds,155,48,58
ds,155,48,53
ds,155,48,48
ds,155,48,63
ds,155,48,54
ds,155,48,57
ds,155,48,59
ds,155,48,52
ds,155,48,50
ds,155,48,61
ds,155,48,56
ds,155,48,55
ds,155,48,49
ds,155,48,62
ds,155,48,74
ds,155,48,79
ds,155,48,76
ds,155,48,77
ds,155,48,70
ds,155,48,64
ds,155,48,67
ds,155,48,73
ds,155,48,68
ds,155,48,71
ds,155,48,66
ds,155,48,69
ds,155,48,78
ds,155,48,72
ds,155,48,65
ds,155,48,75
ds,155,48,88
ds,155,48,81
ds,155,48,87
ds,155,48,82
ds,155,48,86
ds,155,48,84
ds,155,48,85
ds,155,48,83
ds,155,48,80
ds,155,54,11
ds,155,54,10
ds,155,54,9
ds,155,54,12
ds,155,54,15
ds,155,54,14
ds,155,54,13
ds,155,54,18
ds,155,54,27
ds,155,54,20
ds,155,54,30
ds,155,54,25
ds,155,54,28
ds,155,54,31
ds,155,54,24
ds,155,54,21
ds,155,54,26
ds,155,54,19
ds,155,54,17
ds,155,54,22
ds,155,54,29
ds,155,54,23
ds,155,54,16
ds,155,54,46
ds,155,54,32
ds,155,54,41
ds,155,54,43
ds,155,54,44
ds,155,54,37
ds,155,54,34
ds,155,54,40
ds,155,54,47
ds,155,54,33
ds,155,54,38
ds,155,54,35
ds,155,54,36
ds,155,54,45
ds,155,54,42
ds,155,54,39
ds,155,54,62
ds,155,54,55
ds,155,54,53
ds,155,54,48
ds,155,54,51
ds,155,54,50
ds,155,54,60
ds,155,54,57
ds,155,54,54
ds,155,54,63
ds,155,54,56
ds,155,54,61
ds,155,54,58
ds,155,54,59
ds,155,54,49
ds,155,54,52
ds,155,54,76
ds,155,54,69
ds,155,54,74
ds,155,54,71
ds,155,54,73
ds,155,54,64
ds,155,54,67
ds,155,54,70
ds,155,54,68
ds,155,54,77
ds,155,54,66
ds,155,54,79
ds,155,54,65
ds,155,54,72
ds,155,54,78
ds,155,54,75
ds,155,54,83
ds,155,54,82
ds,155,54,84
ds,155,54,80
ds,155,54,87
ds,155,54,86
ds,155,54,81
ds,155,54,85
ds,155,54,88
ds,165,54,9
ds,165,54,10
ds,165,54,11
ds,165,54,13
ds,165,54,14
ds,165,54,15
ds,165,54,12
ds,165,54,23
ds,165,54,18
ds,165,54,21
ds,165,54,16
ds,165,54,28
ds,165,54,19
ds,165,54,22
ds,165,54,25
ds,165,54,31
ds,165,54,24
ds,165,54,17
ds,165,54,29
ds,165,54,26
ds,165,54,27
ds,165,54,20
ds,165,54,30
ds,165,54,37
ds,165,54,46
ds,165,54,32
ds,165,54,44
ds,165,54,39
ds,165,54,34
ds,165,54,42
ds,165,54,35
ds,165,54,41
ds,165,54,45
ds,165,54,38
ds,165,54,36
ds,165,54,47
ds,165,54,40
ds,165,54,33
ds,165,54,43
ds,165,54,53
ds,165,54,58
ds,165,54,60
ds,165,54,55
ds,165,54,54
ds,165,54,61
ds,165,54,51
ds,165,54,48
ds,165,54,59
ds,165,54,57
ds,165,54,52
ds,165,54,49
ds,165,54,62
ds,165,54,50
ds,165,54,63
ds,165,54,56
ds,165,54,67
ds,165,54,72
ds,165,54,65
ds,165,54,70
ds,165,54,77
ds,165,54,71
ds,165,54,64
ds,165,54,74
ds,165,54,66
ds,165,54,73
ds,165,54,68
ds,165,54,75
ds,165,54,78
ds,165,54,76
ds,165,54,79
ds,165,54,69
ds,165,54,81
ds,165,54,88
ds,165,54,80
ds,165,54,86
ds,165,54,83
ds,165,54,84
ds,165,54,85
ds,165,54,82
ds,165,54,87
ds,163,55,10
ds,163,55,11
ds,163,55,13
ds,163,55,14
ds,163,55,15
ds,163,55,12
ds,163,55,9
ds,163,55,17
ds,163,55,24
ds,163,55,26
ds,163,55,31
ds,163,55,21
ds,163,55,20
ds,163,55,30
ds,163,55,27
ds,163,55,16
ds,163,55,25
ds,163,55,23
ds,163,55,18
ds,163,55,28
ds,163,55,29
ds,163,55,19
ds,163,55,22
ds,163,55,38
ds,163,55,47
ds,163,55,33
ds,163,55,36
ds,163,55,34
ds,163,55,43
ds,163,55,37
ds,163,55,40
ds,163,55,46
ds,163,55,39
ds,163,55,32
ds,163,55,44
ds,163,55,41
ds,163,55,35
ds,163,55,42
ds,163,55,45
ds,163,55,61
ds,163,55,52
ds,163,55,59
ds,163,55,54
ds,163,55,49
ds,163,55,57
ds,163,55,50
ds,163,55,56
ds,163,55,63
ds,163,55,53
ds,163,55,60
ds,163,55,62
ds,163,55,51
ds,163,55,55
ds,163,55,48
ds,163,55,58
ds,163,55,75
ds,163,55,68
ds,163,55,70
ds,163,55,73
ds,163,55,66
ds,163,55,76
ds,163,55,74
ds,163,55,69
ds,163,55,72
ds,163,55,67
ds,163,55,71
ds,163,55,64
ds,163,55,65
ds,157,55,11
ds,157,55,10
ds,157,55,9
ds,157,55,12
ds,157,55,14
ds,157,55,15
ds,157,55,13
ds,157,55,19
ds,157,55,24
ds,157,55,17
ds,157,55,22
ds,157,55,28
ds,157,55,21
ds,157,55,31
ds,157,55,18
ds,157,55,25
ds,157,55,20
ds,157,55,27
ds,157,55,30
ds,157,55,29
ds,157,55,16
ds,157,55,23
ds,157,55,26
ds,157,55,47
ds,157,55,33
ds,157,55,38
ds,157,55,45
ds,157,55,35
ds,157,55,40
ds,157,55,37
ds,157,55,34
ds,157,55,41
ds,157,55,44
ds,157,55,32
ds,157,55,46
ds,157,55,36
ds,157,55,43
ds,157,55,42
ds,157,55,39
ds,157,55,54
ds,157,55,61
ds,157,55,56
ds,157,55,63
ds,157,55,50
ds,157,55,51
ds,157,55,57
ds,157,55,55
ds,157,55,60
ds,157,55,48
ds,157,55,53
ds,157,55,58
ds,157,55,52
ds,157,55,59
ds,157,55,62
ds,157,55,49
ds,157,55,68
ds,157,55,66
ds,157,55,73
ds,157,55,64
ds,157,55,67
ds,157,55,70
ds,157,55,77
ds,157,55,76
ds,157,55,69
ds,157,55,74
ds,157,55,71
ds,157,55,65
ds,157,55,72
ds,157,55,79
ds,157,55,78
ds,157,55,75
ds,157,55,83
ds,157,55,82
ds,157,55,81
ds,157,55,84
ds,157,55,86
ds,157,55,87
ds,157,55,85
ds,157,55,88
ds,157,55,80
ds,131,50,15
ds,131,52,15
ds,131,51,14
ds,131,53,9
ds,131,48,15
ds,131,53,14
ds,131,50,13
ds,131,52,10
ds,131,51,9
ds,131,52,13
ds,131,51,12
ds,131,53,11
ds,131,50,11
ds,131,52,12
ds,131,49,11
ds,131,53,12
ds,131,48,11
ds,131,51,10
ds,131,51,13
ds,131,50,10
ds,131,53,15
ds,131,52,9
ds,131,49,14
ds,131,51,15
ds,131,48,14
ds,131,50,14
ds,131,50,9
ds,131,48,12
ds,131,49,13
ds,131,49,15
ds,131,48,9
ds,131,49,10
ds,131,48,10
ds,131,51,11
ds,131,52,11
ds,131,53,13
ds,131,49,12
ds,131,49,9
ds,131,53,10
ds,131,48,13
ds,131,50,12
ds,131,52,14
ds,131,50,29
ds,131,53,23
ds,131,50,22
ds,131,53,16
ds,131,53,30
ds,131,48,20
ds,131,49,30
ds,131,51,28
ds,131,52,31
ds,131,51,25
ds,131,48,27
ds,131,48,17
ds,131,49,23
ds,131,50,26
ds,131,53,19
ds,131,48,24
ds,131,49,27
ds,131,48,31
ds,131,48,21
ds,131,52,30
ds,131,51,22
ds,131,49,29
ds,131,51,29
ds,131,49,22
ds,131,52,16
ds,131,48,19
ds,131,51,20
ds,131,51,27
ds,131,52,18
ds,131,52,23
ds,131,53,27
ds,131,50,19
ds,131,53,26
ds,131,50,18
ds,131,49,16
ds,131,52,24
ds,131,52,17
ds,131,51,21
ds,131,50,25
ds,131,53,20
ds,131,48,26
ds,131,52,22
ds,131,52,29
ds,131,51,23
ds,131,48,29
ds,131,49,21
ds,131,50,24
ds,131,50,31
ds,131,53,21
ds,131,48,22
ds,131,51,30
ds,131,49,28
ds,131,49,18
ds,131,52,19
ds,131,48,25
ds,131,52,26
ds,131,49,17
ds,131,52,25
ds,131,51,19
ds,131,50,27
ds,131,50,20
ds,131,53,18
ds,131,53,25
ds,131,50,17
ds,131,53,28
ds,131,51,16
ds,131,49,24
ds,131,50,30
ds,131,48,18
ds,131,51,26
ds,131,48,28
ds,131,50,23
ds,131,53,17
ds,131,53,31
ds,131,53,22
ds,131,48,30
ds,131,52,21
ds,131,52,28
ds,131,49,20
ds,131,49,31
ds,131,53,24
ds,131,50,21
ds,131,50,16
ds,131,53,29
ds,131,51,17
ds,131,49,25
ds,131,51,18
ds,131,52,20
ds,131,49,26
ds,131,51,24
ds,131,51,31
ds,131,48,16
ds,131,48,23
ds,131,50,28
ds,131,52,27
ds,131,49,19
ds,131,53,37
ds,131,53,44
ds,131,52,38
ds,131,49,44
ds,131,50,36
ds,131,48,45
ds,131,49,33
ds,131,52,41
ds,131,50,47
ds,131,53,41
ds,131,51,35
ds,131,53,34
ds,131,50,40
ds,131,50,33
ds,131,49,47
ds,131,49,40
ds,131,51,32
ds,131,48,38
ds,131,51,46
ds,131,49,34
ds,131,51,42
ds,131,48,34
ds,131,52,35
ds,131,50,46
ds,131,48,41
ds,131,52,42
ds,131,52,45
ds,131,51,39
ds,131,50,43
ds,131,48,44
ds,131,49,37
ds,131,49,43
ds,131,53,45
ds,131,49,36
ds,131,52,37
ds,131,52,44
ds,131,50,44
ds,131,50,37
ds,131,50,39
ds,131,48,40
ds,131,53,47
ds,131,49,41
ds,131,48,39
ds,131,48,46
ds,131,51,40
ds,131,51,47
ds,131,48,32
ds,131,50,32
ds,131,51,41
ds,131,53,40
ds,131,48,33
ds,131,50,38
ds,131,53,46
ds,131,53,33
ds,131,51,34
ds,131,49,42
ds,131,48,43
ds,131,52,43
ds,131,49,35
ds,131,51,37
ds,131,50,45
ds,131,53,32
ds,131,53,39
ds,131,53,42
ds,131,49,46
ds,131,52,36
ds,131,50,34
ds,131,51,33
ds,131,53,35
ds,131,48,47
ds,131,53,38
ds,131,52,32
ds,131,51,36
ds,131,48,42
ds,131,52,39
ds,131,48,37
ds,131,52,46
ds,131,50,42
ds,131,51,38
ds,131,49,38
ds,131,51,45
ds,131,51,43
ds,131,48,35
ds,131,52,40
ds,131,52,33
ds,131,52,47
ds,131,50,41
ds,131,49,39
ds,131,52,34
ds,131,53,43
ds,131,49,45
ds,131,53,36
ds,131,50,35
ds,131,48,36
ds,131,49,32
ds,131,51,44
ds,131,50,50
ds,131,52,52
ds,131,48,48
ds,131,48,55
ds,131,51,56
ds,131,49,51
ds,131,51,53
ds,131,52,48
ds,131,52,55
ds,131,49,54
ds,131,53,55
ds,131,53,48
ds,131,53,54
ds,131,51,49
ds,131,50,53
ds,131,51,52
ds,131,53,51
ds,131,53,52
ds,131,50,51
ds,131,52,51
ds,131,48,51
ds,131,52,49
ds,131,48,53
ds,131,51,48
ds,131,51,54
ds,131,52,56
ds,131,49,48
ds,131,48,52
ds,131,49,55
ds,131,52,50
ds,131,51,51
ds,131,48,50
ds,131,53,53
ds,131,49,56
ds,131,49,49
ds,131,52,54
ds,131,50,52
ds,131,48,54
ds,131,49,53
ds,131,51,55
ds,131,49,50
ds,131,50,56
ds,131,51,50
ds,131,48,56
ds,131,50,49
ds,131,53,50
ds,131,50,55
ds,131,50,54
ds,131,53,49
ds,131,49,52
ds,131,52,53
ds,131,50,48
ds,131,48,49
ds,131,53,56
ds,141,48,11
ds,141,50,13
ds,141,50,15
ds,141,48,13
ds,141,48,15
ds,141,50,14
ds,141,48,9
ds,141,50,11
ds,141,48,12
ds,141,50,12
ds,141,48,10
ds,141,50,10
ds,141,50,9
ds,141,48,14
ds,141,48,20
ds,141,50,25
ds,141,50,18
ds,141,48,16
ds,141,50,21
ds,141,48,31
ds,141,50,28
ds,141,50,16
ds,141,48,23
ds,141,50,23
ds,141,48,24
ds,141,50,22
ds,141,48,17
ds,141,48,30
ds,141,50,29
ds,141,50,27
ds,141,48,18
ds,141,50,20
ds,141,50,30
ds,141,48,29
ds,141,50,17
ds,141,50,31
ds,141,48,28
ds,141,48,25
ds,141,50,24
ds,141,48,22
ds,141,48,19
ds,141,50,19
ds,141,50,26
ds,141,48,21
ds,141,48,26
ds,141,48,27
ds,141,48,41
ds,141,50,43
ds,141,50,36
ds,141,48,34
ds,141,50,46
ds,141,48,44
ds,141,48,38
ds,141,48,45
ds,141,50,47
ds,141,50,35
ds,141,48,42
ds,141,48,36
ds,141,48,37
ds,141,48,43
ds,141,50,42
ds,141,50,34
ds,141,50,41
ds,141,48,32
ds,141,48,46
ds,141,48,39
ds,141,50,44
ds,141,48,35
ds,141,50,37
ds,141,48,33
ds,141,48,40
ds,141,48,47
ds,141,50,40
ds,141,50,33
ds,141,50,38
ds,141,50,45
ds,141,50,39
ds,141,50,32
ds,141,48,55
ds,141,48,51
ds,141,50,53
ds,141,50,50
ds,141,48,48
ds,141,50,49
ds,141,50,54
ds,141,48,49
ds,141,50,56
ds,141,48,50
ds,141,48,56
ds,141,50,55
ds,141,50,48
ds,141,48,54
ds,141,48,52
ds,141,50,51
ds,141,50,52
ds,141,48,53
ds,139,47,12
ds,139,47,15
ds,139,47,9
ds,139,47,13
ds,139,47,11
ds,139,47,14
ds,139,47,10
ds,139,47,24
ds,139,47,21
ds,139,47,31
ds,139,47,28
ds,139,47,25
ds,139,47,27
ds,139,47,20
ds,139,47,26
ds,139,47,22
ds,139,47,18
ds,139,47,16
ds,139,47,29
ds,139,47,30
ds,139,47,23
ds,139,47,17
ds,139,47,42
ds,139,47,45
ds,139,47,35
ds,139,47,38
ds,139,47,32
ds,139,47,41
ds,139,47,39
ds,139,47,34
ds,139,47,46
ds,139,47,33
ds,139,47,40
ds,139,47,47
ds,139,47,44
ds,139,47,37
ds,139,47,36
ds,139,47,43
ds,139,47,52
ds,139,47,59
ds,139,47,53
ds,139,47,54
ds,139,47,51
ds,139,47,62
ds,139,47,48
ds,139,47,55
ds,139,47,50
ds,139,47,56
ds,139,47,77
ds,139,47,68
ds,139,47,65
ds,139,47,71
ds,139,47,74
ds,139,47,86
ds,139,47,83
ds,139,47,80
ds,141,51,63
ds,141,53,58
ds,141,49,61
ds,141,49,58
ds,141,54,61
ds,141,51,60
ds,141,53,61
ds,141,51,59
ds,141,53,62
ds,141,52,62
ds,141,50,60
ds,141,52,59
ds,141,50,63
ds,141,54,58
ds,141,50,61
ds,141,49,60
ds,141,52,60
ds,141,52,61
ds,141,54,60
ds,141,51,58
ds,141,49,59
ds,141,50,62
ds,141,53,63
ds,141,54,59
ds,141,54,62
ds,141,49,63
ds,141,49,62
ds,141,52,58
ds,141,53,59
ds,141,51,62
ds,141,52,63
ds,141,50,59
ds,141,50,58
ds,141,54,63
ds,141,51,61
ds,141,53,60
ds,141,52,71
ds,141,49,77
ds,141,52,78
ds,141,53,79
ds,141,53,72
ds,141,52,64
ds,141,50,71
ds,141,54,78
ds,141,51,77
ds,141,54,73
ds,141,54,64
ds,141,49,70
ds,141,50,76
ds,141,49,68
ds,141,52,76
ds,141,52,66
ds,141,51,72
ds,141,53,77
ds,141,52,73
ds,141,51,65
ds,141,51,75
ds,141,50,64
ds,141,51,70
ds,141,53,74
ds,141,54,75
ds,141,50,74
ds,141,50,69
ds,141,53,75
ds,141,49,73
ds,141,52,75
ds,141,50,66
ds,141,53,68
ds,141,49,74
ds,141,51,73
ds,141,54,77
ds,141,54,68
ds,141,50,67
ds,141,51,76
ds,141,52,69
ds,141,49,64
ds,141,51,69
ds,141,54,74
ds,141,51,66
ds,141,49,67
ds,141,53,65
ds,141,50,73
ds,141,54,71
ds,141,51,79
ds,141,53,78
ds,141,52,72
ds,141,54,79
ds,141,50,70
ds,141,54,72
ds,141,53,64
ds,141,51,78
ds,141,54,65
ds,141,49,69
ds,141,50,77
ds,141,52,70
ds,141,52,79
ds,141,52,65
ds,141,53,71
ds,141,54,70
ds,141,51,64
ds,141,53,66
ds,141,50,79
ds,141,50,72
ds,141,49,71
ds,141,49,78
ds,141,54,67
ds,141,49,76
ds,141,52,68
ds,141,53,69
ds,141,49,66
ds,141,51,67
ds,141,52,67
ds,141,51,74
ds,141,54,76
ds,141,54,69
ds,141,53,76
ds,141,53,67
ds,141,51,68
ds,141,49,65
ds,141,52,74
ds,141,49,79
ds,141,49,75
ds,141,53,73
ds,141,53,70
ds,141,50,75
ds,141,50,68
ds,141,52,77
ds,141,51,71
ds,141,54,66
ds,141,49,72
ds,141,50,65
ds,141,50,78
ds,141,51,85
ds,141,52,85
ds,141,49,84
ds,141,50,84
ds,141,53,86
ds,141,53,85
ds,141,54,87
ds,141,51,86
ds,141,49,83
ds,141,53,80
ds,141,50,85
ds,141,54,86
ds,141,53,84
ds,141,49,86
ds,141,52,84
ds,141,51,83
ds,141,54,85
ds,141,52,86
ds,141,50,82
ds,141,54,80
ds,141,51,80
ds,141,49,81
ds,141,50,87
ds,141,53,87
ds,141,52,81
ds,141,53,82
ds,141,50,81
ds,141,51,81
ds,141,49,80
ds,141,54,83
ds,141,52,82
ds,141,49,87
ds,141,50,80
ds,141,54,82
ds,141,52,83
ds,141,51,82
ds,141,52,80
ds,141,49,82
ds,141,51,87
ds,141,52,87
ds,141,54,81
ds,141,53,81
ds,141,50,86
ds,141,51,84
ds,141,49,85
ds,141,53,83
ds,141,54,84
ds,141,50,83
ds,186,48,5
ds,182,48,5
ds,178,48,5
ds,185,48,5
ds,177,48,5
ds,189,48,5
ds,191,48,5
ds,190,48,5
ds,183,48,5
ds,176,48,5
ds,188,48,5
ds,180,48,5
ds,184,48,5
ds,179,48,5
ds,187,48,5
ds,181,48,5
ds,202,48,5
ds,198,48,5
ds,206,48,5
ds,197,48,5
ds,205,48,5
ds,196,48,5
ds,204,48,5
ds,200,48,5
ds,203,48,5
ds,199,48,5
ds,192,48,5
ds,207,48,5
ds,195,48,5
ds,193,48,5
ds,201,48,5
ds,194,48,5
ds,214,48,5
ds,218,48,5
ds,221,48,5
ds,213,48,5
ds,210,48,5
ds,217,48,5
ds,211,48,5
ds,219,48,5
ds,212,48,5
ds,216,48,5
ds,220,48,5
ds,223,48,5
ds,209,48,5
ds,222,48,5
ds,215,48,5
ds,208,48,5
ds,238,48,5
ds,234,48,5
ds,225,48,5
ds,226,48,5
ds,233,48,5
ds,232,48,5
ds,231,48,5
ds,227,48,5
ds,235,48,5
ds,239,48,5
ds,228,48,5
ds,224,48,5
ds,237,48,5
ds,236,48,5
ds,230,48,5
ds,229,48,5
ds,241,48,5
ds,240,48,5
ds,185,48,-5
ds,181,48,-5
ds,189,48,-5
ds,180,48,-5
ds,188,48,-5
ds,183,48,-5
ds,187,48,-5
ds,186,48,-5
ds,182,48,-5
ds,179,48,-5
ds,178,48,-5
ds,190,48,-5
ds,176,48,-5
ds,184,48,-5
ds,177,48,-5
ds,191,48,-5
ds,201,48,-5
ds,197,48,-5
ds,196,48,-5
ds,204,48,-5
ds,193,48,-5
ds,200,48,-5
ds,194,48,-5
ds,202,48,-5
ds,195,48,-5
ds,199,48,-5
ds,203,48,-5
ds,207,48,-5
ds,192,48,-5
ds,206,48,-5
ds,205,48,-5
ds,198,48,-5
ds,217,48,-5
ds,221,48,-5
ds,208,48,-5
ds,223,48,-5
ds,209,48,-5
ds,216,48,-5
ds,215,48,-5
ds,211,48,-5
ds,222,48,-5
ds,218,48,-5
ds,214,48,-5
ds,210,48,-5
ds,213,48,-5
ds,219,48,-5
ds,220,48,-5
ds,212,48,-5
ds,224,48,-5
ds,229,48,-5
ds,228,48,-5
ds,236,48,-5
ds,232,48,-5
ds,225,48,-5
ds,231,48,-5
ds,230,48,-5
ds,237,48,-5
ds,238,48,-5
ds,235,48,-5
ds,239,48,-5
ds,233,48,-5
ds,226,48,-5
ds,227,48,-5
ds,234,48,-5
ds,240,48,-5
ds,244,48,-5
ds,245,48,-5
ds,242,48,-5
ds,243,48,-5
ds,241,48,-5
ds,191,51,-6
ds,179,51,-6
ds,188,51,-6
ds,186,51,-6
ds,180,51,-6
ds,187,51,-6
ds,177,51,-6
ds,182,51,-6
ds,189,51,-6
ds,181,51,-6
ds,178,51,-6
ds,185,51,-6
ds,184,51,-6
ds,190,51,-6
ds,183,51,-6
ds,176,51,-6
ds,176,51,6
ds,180,51,6
ds,188,51,6
ds,184,51,6
ds,177,51,6
ds,189,51,6
ds,191,51,6
ds,190,51,6
ds,183,51,6
ds,186,51,6
ds,178,51,6
ds,182,51,6
ds,181,51,6
ds,185,51,6
ds,187,51,6
ds,179,51,6
ds,207,51,-6
ds,195,51,-6
ds,192,51,-6
ds,196,51,-6
ds,203,51,-6
ds,199,51,-6
ds,200,51,-6
ds,202,51,-6
ds,194,51,-6
ds,201,51,-6
ds,205,51,-6
ds,197,51,-6
ds,193,51,-6
ds,206,51,-6
ds,198,51,-6
ds,204,51,-6
ds,200,51,6
ds,196,51,6
ds,192,51,6
ds,199,51,6
ds,203,51,6
ds,205,51,6
ds,204,51,6
ds,197,51,6
ds,194,51,6
ds,202,51,6
ds,198,51,6
ds,206,51,6
ds,195,51,6
ds,193,51,6
ds,207,51,6
ds,201,51,6
ds,223,51,-6
ds,219,51,-6
ds,215,51,-6
ds,211,51,-6
ds,216,51,-6
ds,214,51,-6
ds,222,51,-6
ds,208,51,-6
ds,221,51,-6
ds,213,51,-6
ds,209,51,-6
ds,210,51,-6
ds,217,51,-6
ds,220,51,-6
ds,212,51,-6
ds,218,51,-6
ds,212,51,6
ds,216,51,6
ds,220,51,6
ds,218,51,6
ds,219,51,6
ds,211,51,6
ds,214,51,6
ds,221,51,6
ds,210,51,6
ds,217,51,6
ds,213,51,6
ds,209,51,6
ds,223,51,6
ds,208,51,6
ds,222,51,6
ds,215,51,6
ds,227,51,-6
ds,231,51,-6
ds,235,51,-6
ds,239,51,-6
ds,228,51,-6
ds,224,51,-6
ds,236,51,-6
ds,230,51,-6
ds,238,51,-6
ds,229,51,-6
ds,225,51,-6
ds,233,51,-6
ds,237,51,-6
ds,232,51,-6
ds,234,51,-6
ds,226,51,-6
ds,232,51,6
ds,239,51,6
ds,228,51,6
ds,227,51,6
ds,235,51,6
ds,224,51,6
ds,231,51,6
ds,225,51,6
ds,233,51,6
ds,226,51,6
ds,238,51,6
ds,234,51,6
ds,236,51,6
ds,237,51,6
ds,229,51,6
ds,230,51,6
ds,247,51,-6
ds,255,51,-6
ds,243,51,-6
ds,242,51,-6
ds,252,51,-6
ds,250,51,-6
ds,244,51,-6
ds,251,51,-6
ds,245,51,-6
ds,241,51,-6
ds,253,51,-6
ds,249,51,-6
ds,240,51,-6
ds,246,51,-6
ds,254,51,-6
ds,248,51,-6
ds,255,51,6
ds,252,51,6
ds,248,51,6
ds,240,51,6
ds,254,51,6
ds,247,51,6
ds,241,51,6
ds,242,51,6
ds,245,51,6
ds,246,51,6
ds,249,51,6
ds,253,51,6
ds,250,51,6
ds,251,51,6
ds,244,51,6
ds,243,51,6
ds,189,54,-5
ds,177,54,-5
ds,178,54,-5
ds,181,54,-5
ds,185,54,-5
ds,186,54,-5
ds,179,54,-5
ds,180,54,-5
ds,187,54,-5
ds,191,54,-5
ds,188,54,-5
ds,182,54,-5
ds,184,54,-5
ds,190,54,-5
ds,183,54,-5
ds,176,54,-5
ds,187,54,5
ds,191,54,5
ds,176,54,5
ds,183,54,5
ds,182,54,5
ds,190,54,5
ds,189,54,5
ds,184,54,5
ds,181,54,5
ds,188,54,5
ds,180,54,5
ds,177,54,5
ds,186,54,5
ds,185,54,5
ds,179,54,5
ds,178,54,5
ds,205,54,-5
ds,193,54,-5
ds,206,54,-5
ds,202,54,-5
ds,200,54,-5
ds,201,54,-5
ds,194,54,-5
ds,195,54,-5
ds,207,54,-5
ds,196,54,-5
ds,199,54,-5
ds,203,54,-5
ds,192,54,-5
ds,204,54,-5
ds,198,54,-5
ds,197,54,-5
ds,206,54,5
ds,194,54,5
ds,195,54,5
ds,198,54,5
ds,202,54,5
ds,203,54,5
ds,197,54,5
ds,196,54,5
ds,204,54,5
ds,192,54,5
ds,205,54,5
ds,201,54,5
ds,199,54,5
ds,207,54,5
ds,200,54,5
ds,193,54,5
ds,213,54,-5
ds,221,54,-5
ds,209,54,-5
ds,210,54,-5
ds,217,54,-5
ds,222,54,-5
ds,214,54,-5
ds,216,54,-5
ds,215,54,-5
ds,208,54,-5
ds,219,54,-5
ds,223,54,-5
ds,211,54,-5
ds,218,54,-5
ds,212,54,-5
ds,220,54,-5
ds,222,54,5
ds,210,54,5
ds,223,54,5
ds,217,54,5
ds,219,54,5
ds,218,54,5
ds,211,54,5
ds,212,54,5
ds,208,54,5
ds,213,54,5
ds,216,54,5
ds,220,54,5
ds,209,54,5
ds,221,54,5
ds,215,54,5
ds,214,54,5
ds,229,54,-5
ds,225,54,-5
ds,233,54,-5
ds,237,54,-5
ds,230,54,-5
ds,228,54,-5
ds,238,54,-5
ds,236,54,-5
ds,231,54,-5
ds,227,54,-5
ds,235,54,-5
ds,239,54,-5
ds,224,54,-5
ds,226,54,-5
ds,232,54,-5
ds,234,54,-5
ds,230,54,5
ds,238,54,5
ds,226,54,5
ds,227,54,5
ds,234,54,5
ds,239,54,5
ds,231,54,5
ds,233,54,5
ds,232,54,5
ds,225,54,5
ds,228,54,5
ds,236,54,5
ds,224,54,5
ds,235,54,5
ds,229,54,5
ds,237,54,5
ds,245,54,-5
ds,253,54,-5
ds,241,54,-5
ds,249,54,-5
ds,244,54,-5
ds,252,54,-5
ds,250,54,-5
ds,251,54,-5
ds,243,54,-5
ds,255,54,-5
ds,242,54,-5
ds,246,54,-5
ds,248,54,-5
ds,254,54,-5
ds,247,54,-5
ds,240,54,-5
ds,250,54,5
ds,254,54,5
ds,246,54,5
ds,242,54,5
ds,247,54,5
ds,255,54,5
ds,245,54,5
ds,253,54,5
ds,248,54,5
ds,252,54,5
ds,244,54,5
ds,240,54,5
ds,241,54,5
ds,249,54,5
ds,251,54,5
ds,243,54,5
ds,189,55,-2
ds,177,55,-2
ds,190,55,-2
ds,184,55,-2
ds,186,55,-2
ds,185,55,-2
ds,178,55,-2
ds,191,55,-2
ds,179,55,-2
ds,183,55,-2
ds,180,55,-2
ds,187,55,-2
ds,176,55,-2
ds,182,55,-2
ds,188,55,-2
ds,181,55,-2
ds,205,55,-2
ds,197,55,-2
ds,193,55,-2
ds,194,55,-2
ds,201,55,-2
ds,198,55,-2
ds,206,55,-2
ds,200,55,-2
ds,199,55,-2
ds,192,55,-2
ds,203,55,-2
ds,207,55,-2
ds,195,55,-2
ds,204,55,-2
ds,196,55,-2
ds,202,55,-2
ds,213,55,-2
ds,221,55,-2
ds,209,55,-2
ds,220,55,-2
ds,214,55,-2
ds,212,55,-2
ds,222,55,-2
ds,215,55,-2
ds,219,55,-2
ds,223,55,-2
ds,211,55,-2
ds,208,55,-2
ds,218,55,-2
ds,216,55,-2
ds,210,55,-2
ds,217,55,-2
ds,229,55,-2
ds,237,55,-2
ds,225,55,-2
ds,233,55,-2
ds,236,55,-2
ds,228,55,-2
ds,234,55,-2
ds,235,55,-2
ds,231,55,-2
ds,227,55,-2
ds,239,55,-2
ds,226,55,-2
ds,224,55,-2
ds,230,55,-2
ds,238,55,-2
ds,232,55,-2
ds,241,55,-2
ds,240,55,-2
ds,242,55,-2
ds,243,55,-2
ds,188,55,2
ds,184,55,2
ds,176,55,2
ds,180,55,2
ds,177,55,2
ds,185,55,2
ds,187,55,2
ds,179,55,2
ds,186,55,2
ds,182,55,2
ds,190,55,2
ds,178,55,2
ds,189,55,2
ds,183,55,2
ds,181,55,2
ds,191,55,2
ds,200,55,2
ds,196,55,2
ds,204,55,2
ds,192,55,2
ds,199,55,2
ds,201,55,2
ds,193,55,2
ds,207,55,2
ds,198,55,2
ds,202,55,2
ds,206,55,2
ds,194,55,2
ds,197,55,2
ds,195,55,2
ds,205,55,2
ds,203,55,2
ds,208,55,2
ds,216,55,2
ds,212,55,2
ds,220,55,2
ds,209,55,2
ds,213,55,2
ds,215,55,2
ds,223,55,2
ds,221,55,2
ds,214,55,2
ds,222,55,2
ds,210,55,2
ds,217,55,2
ds,219,55,2
ds,218,55,2
ds,211,55,2
ds,228,55,2
ds,224,55,2
ds,227,55,2
ds,237,55,2
ds,235,55,2
ds,236,55,2
ds,229,55,2
ds,230,55,2
ds,226,55,2
ds,238,55,2
ds,234,55,2
ds,231,55,2
ds,233,55,2
ds,232,55,2
ds,225,55,2
ds,6,-60,-2
ds,6,-60,-3
ds,6,-60,-4
ds,6,-60,-5
ds,6,-60,-1
ds,6,-60,2
ds,6,-60,1
ds,6,-60,0
